,date,code,open,close,high,low,volume
0,2017-02-08,sh.603881,9.3600,11.2300,11.2300,9.3600,13500
1,2017-02-09,sh.603881,12.3500,12.3500,12.3500,12.3500,10177
2,2017-02-10,sh.603881,13.5900,13.5900,13.5900,13.5900,8800
3,2017-02-13,sh.603881,14.9500,14.9500,14.9500,14.9500,11000
4,2017-02-14,sh.603881,16.4500,16.4500,16.4500,16.4500,14400
5,2017-02-15,sh.603881,18.1000,18.1000,18.1000,18.1000,25877
6,2017-02-16,sh.603881,19.9100,19.9100,19.9100,19.9100,15263
7,2017-02-17,sh.603881,21.9000,21.9000,21.9000,21.9000,47700
8,2017-02-20,sh.603881,24.0900,24.0900,24.0900,24.0900,128889
9,2017-02-21,sh.603881,26.5000,26.5000,26.5000,26.5000,101193
10,2017-02-22,sh.603881,29.1500,29.1500,29.1500,29.1500,136275
11,2017-02-23,sh.603881,32.0700,32.0700,32.0700,32.0700,149065
12,2017-02-24,sh.603881,35.2800,35.2800,35.2800,35.2800,226157
13,2017-02-27,sh.603881,38.8100,38.8100,38.8100,38.8100,488224
14,2017-02-28,sh.603881,42.6900,42.6900,42.6900,42.6900,3907171
15,2017-03-01,sh.603881,44.5100,46.9600,46.9600,43.0200,34994700
16,2017-03-02,sh.603881,47.5000,51.6600,51.6600,46.9600,29615204
17,2017-03-03,sh.603881,53.7000,47.9900,53.9900,47.3000,31077153
18,2017-03-06,sh.603881,45.7900,48.1500,49.4700,45.1800,20563186
19,2017-03-07,sh.603881,47.6000,52.9700,52.9700,47.3000,27991110
20,2017-03-08,sh.603881,52.9700,52.9700,52.9700,52.9700,0
21,2017-03-09,sh.603881,52.9700,52.9700,52.9700,52.9700,0
22,2017-03-10,sh.603881,58.2700,58.2700,58.2700,58.2700,1739425
23,2017-03-13,sh.603881,61.1800,64.1000,64.1000,60.4700,9936685
24,2017-03-14,sh.603881,70.4900,70.5100,70.5100,68.6100,4304807
25,2017-03-15,sh.603881,75.0000,68.4900,77.5600,68.0100,29801251
26,2017-03-16,sh.603881,69.2000,75.3400,75.3400,69.2000,17043287
27,2017-03-17,sh.603881,78.7800,68.5000,80.0000,67.8800,28052203
28,2017-03-20,sh.603881,65.4000,68.9600,70.4400,64.1800,15250141
29,2017-03-21,sh.603881,67.9300,70.5600,71.9800,67.5100,15053152
30,2017-03-22,sh.603881,69.0000,77.6200,77.6200,68.5500,21447947
31,2017-03-23,sh.603881,75.5000,72.6200,78.2000,70.5000,21555858
32,2017-03-24,sh.603881,74.0000,75.9600,79.8500,72.7000,23395148
33,2017-03-27,sh.603881,75.0000,72.9500,75.0000,70.3800,15697915
34,2017-03-28,sh.603881,72.0000,68.4900,72.7200,66.6600,15283387
35,2017-03-29,sh.603881,67.8900,68.6100,71.0000,65.9200,12657109
36,2017-03-30,sh.603881,66.0000,68.1200,71.1800,65.0000,13652941
37,2017-03-31,sh.603881,66.4400,61.3100,68.9000,61.3100,14028253
38,2017-04-05,sh.603881,58.5100,58.8900,61.0000,56.3300,10053759
39,2017-04-06,sh.603881,59.0000,59.9700,61.7800,58.5100,9858977
40,2017-04-07,sh.603881,59.3100,56.4100,59.9000,56.1800,10198610
41,2017-04-10,sh.603881,55.1200,52.7300,55.1200,50.7700,13159823
42,2017-04-11,sh.603881,52.0000,55.7200,57.6000,51.4000,13622475
43,2017-04-12,sh.603881,53.6000,56.2000,57.4800,53.5300,14038478
44,2017-04-13,sh.603881,54.0000,54.3600,57.3700,54.0000,9800421
45,2017-04-14,sh.603881,53.0000,51.7100,54.7300,51.5000,7572318
46,2017-04-17,sh.603881,47.0000,46.5400,47.5500,46.5400,5686287
47,2017-04-18,sh.603881,46.3000,42.8100,46.6600,42.1800,8806667
48,2017-04-19,sh.603881,42.9000,45.4800,46.1400,42.7600,10061953
49,2017-04-20,sh.603881,45.1000,44.6300,45.3800,42.9000,8178676
50,2017-04-21,sh.603881,44.7100,42.6000,45.4800,42.5000,5949942
51,2017-04-24,sh.603881,42.1400,42.0700,42.7400,39.0000,6239593
52,2017-04-25,sh.603881,45.5900,46.2800,46.2800,45.5000,3495913
53,2017-04-26,sh.603881,50.6100,50.9100,50.9100,50.0000,5031785
54,2017-04-27,sh.603881,56.0000,56.0000,56.0000,52.3000,18365452
55,2017-04-28,sh.603881,56.5000,56.0800,57.1000,53.2200,16500355
56,2017-05-02,sh.603881,57.4000,58.9500,61.6000,57.4000,16459888
57,2017-05-03,sh.603881,56.5000,60.9500,64.8500,56.5000,22708764
58,2017-05-04,sh.603881,59.0000,58.3500,61.9800,58.1500,17039473
59,2017-05-05,sh.603881,57.5000,52.5200,57.9500,52.5200,14183765
60,2017-05-08,sh.603881,52.3000,53.8100,55.5000,51.2000,14118691
61,2017-05-09,sh.603881,52.6700,57.6800,58.8000,52.6000,16286815
62,2017-05-10,sh.603881,56.9400,57.8700,59.9800,56.5500,16602198
63,2017-05-11,sh.603881,56.0400,59.2600,59.5300,56.0000,13671928
64,2017-05-12,sh.603881,58.9900,61.0600,63.0000,58.5800,15967471
65,2017-05-15,sh.603881,61.9900,60.4800,63.0000,58.8800,13879937
66,2017-05-16,sh.603881,59.1800,60.2500,60.4700,57.1400,12774338
67,2017-05-17,sh.603881,59.5000,57.6400,61.7800,57.4500,11374105
68,2017-05-18,sh.603881,56.0000,61.6200,63.0000,55.5000,18335356
69,2017-05-19,sh.603881,61.8000,59.0500,62.5000,58.0000,12902052
70,2017-05-22,sh.603881,58.0500,56.9900,60.4500,56.7800,9873977
71,2017-05-23,sh.603881,56.1100,51.2900,57.0000,51.2900,12357101
72,2017-05-24,sh.603881,50.0000,51.7900,52.5400,49.1300,7569457
73,2017-05-25,sh.603881,51.5300,51.9400,52.8600,49.3100,7972427
74,2017-05-26,sh.603881,51.8600,52.2800,53.5300,50.7100,9105934
75,2017-05-31,sh.603881,54.2300,50.4300,54.9500,50.2800,8685744
76,2017-06-01,sh.603881,48.8800,46.7200,50.3000,46.2800,8154706
77,2017-06-02,sh.603881,46.8900,48.2900,48.8500,46.7300,6208687
78,2017-06-05,sh.603881,49.0100,53.1200,53.1200,49.0100,16162412
79,2017-06-06,sh.603881,51.8500,51.5400,52.3700,50.2500,11703837
80,2017-06-07,sh.603881,51.1000,53.9500,55.4000,51.1000,13651369
81,2017-06-08,sh.603881,53.3000,53.3200,54.7400,52.6000,10073405
82,2017-06-09,sh.603881,53.9000,53.3900,54.8000,51.9800,8268156
83,2017-06-12,sh.603881,52.0000,50.6100,52.0200,49.6800,8593767
84,2017-06-13,sh.603881,50.1500,52.3900,53.3300,50.1500,7961992
85,2017-06-14,sh.603881,52.3800,50.9200,52.3800,50.6000,5329242
86,2017-06-15,sh.603881,50.7100,51.9400,52.8200,50.7100,7371803
87,2017-06-16,sh.603881,52.0000,51.6200,52.0000,50.9000,5250844
88,2017-06-19,sh.603881,52.2500,51.1200,52.4700,50.3800,4665173
89,2017-06-20,sh.603881,51.3800,51.5200,51.8900,50.8500,4667817
90,2017-06-21,sh.603881,51.7600,50.7600,51.7800,50.3500,4318636
91,2017-06-22,sh.603881,50.5500,48.1700,51.1400,47.8100,6970740
92,2017-06-23,sh.603881,48.2600,47.6600,48.7300,46.1600,5301608
93,2017-06-26,sh.603881,47.5000,48.7900,49.3600,46.5800,5319378
94,2017-06-27,sh.603881,48.8800,50.4600,52.2800,48.8800,9585568
95,2017-06-28,sh.603881,49.0000,48.6300,49.5400,48.4900,5558015
96,2017-06-29,sh.603881,48.9100,48.7600,49.8000,48.3700,3682843
97,2017-06-30,sh.603881,48.4000,48.8200,49.4900,47.6000,4337295
98,2017-07-03,sh.603881,48.7000,48.7400,48.8500,47.8000,3025082
99,2017-07-04,sh.603881,48.7900,48.9400,49.9700,48.5000,4187432
100,2017-07-05,sh.603881,48.9400,49.6000,49.9800,48.5000,5010145
101,2017-07-06,sh.603881,49.6500,50.5300,51.8000,49.6100,7882094
102,2017-07-07,sh.603881,49.9900,52.9900,53.1000,49.1000,12093930
103,2017-07-10,sh.603881,52.2600,51.0800,52.6800,50.5400,8250412
104,2017-07-11,sh.603881,51.0800,49.6800,51.8400,49.5600,5119194
105,2017-07-12,sh.603881,49.0500,50.0000,50.0300,48.1100,4651221
106,2017-07-13,sh.603881,49.7800,48.9200,49.7800,48.6300,3266434
107,2017-07-14,sh.603881,48.8500,47.7400,48.8500,47.6200,3906676
108,2017-07-17,sh.603881,47.6800,42.9700,47.6800,42.9700,6113105
109,2017-07-18,sh.603881,42.0000,43.0100,43.7900,41.5000,3653954
110,2017-07-19,sh.603881,43.0100,43.3000,43.3500,42.1000,3269355
111,2017-07-20,sh.603881,43.2200,42.6600,44.0800,42.5800,3336430
112,2017-07-21,sh.603881,42.5700,43.1700,44.7900,42.2000,3958436
113,2017-07-24,sh.603881,42.6100,43.3400,43.8000,41.2000,4565774
114,2017-07-25,sh.603881,43.0200,42.9300,43.7400,42.8000,2769000
115,2017-07-26,sh.603881,42.9900,43.4200,43.9300,42.7000,3223301
116,2017-07-27,sh.603881,43.3000,44.9400,45.4800,42.8000,6470678
117,2017-07-28,sh.603881,44.2300,43.6200,44.7900,43.4800,4354672
118,2017-07-31,sh.603881,43.1000,43.1200,44.1100,43.0000,2861653
119,2017-08-01,sh.603881,43.2500,43.4100,43.4800,42.0500,3401411
120,2017-08-02,sh.603881,43.5000,42.5600,43.7600,42.5200,2859980
121,2017-08-03,sh.603881,42.1000,44.0400,46.2000,42.0700,7775755
122,2017-08-04,sh.603881,43.7100,42.7800,43.9900,42.6800,4581244
123,2017-08-07,sh.603881,42.6200,42.9400,43.4500,42.6200,1993312
124,2017-08-08,sh.603881,43.0800,43.3000,43.3700,42.4700,2647572
125,2017-08-09,sh.603881,43.2000,42.9500,43.3100,42.8300,1762400
126,2017-08-10,sh.603881,43.0400,43.7200,44.2500,42.7100,3902048
127,2017-08-11,sh.603881,44.6100,43.9400,46.7400,43.8800,7619446
128,2017-08-14,sh.603881,43.4000,44.8600,45.2800,43.1200,5136682
129,2017-08-15,sh.603881,44.5200,44.7500,45.5000,44.3000,4251024
130,2017-08-16,sh.603881,44.7500,46.2200,46.3000,44.2100,7321544
131,2017-08-17,sh.603881,46.4500,46.0300,47.2600,45.6600,6629258
132,2017-08-18,sh.603881,45.4000,44.8700,45.5900,44.8000,4451334
133,2017-08-21,sh.603881,44.7500,46.2000,46.7700,44.7500,5162801
134,2017-08-22,sh.603881,45.9900,45.0700,45.9900,45.0000,3960655
135,2017-08-23,sh.603881,45.4400,44.7000,45.4400,44.2000,3468062
136,2017-08-24,sh.603881,44.3200,43.1800,45.0500,43.1300,3499884
137,2017-08-25,sh.603881,43.0000,44.5600,44.7600,42.9100,3573993
138,2017-08-28,sh.603881,44.7900,46.4000,47.7900,44.5000,9021636
139,2017-08-29,sh.603881,46.0000,47.1800,48.8000,45.6300,10618960
140,2017-08-30,sh.603881,46.4000,46.4600,47.1900,45.8100,5507179
141,2017-08-31,sh.603881,46.3600,49.2000,49.7100,46.3200,11137648
142,2017-09-01,sh.603881,48.9800,48.7100,49.1900,47.7700,8007671
143,2017-09-04,sh.603881,48.5000,48.7300,50.6100,47.8000,7706405
144,2017-09-05,sh.603881,48.8000,47.9400,48.8000,47.6800,4507334
145,2017-09-06,sh.603881,48.0000,48.5800,48.7100,47.1700,4667843
146,2017-09-07,sh.603881,49.7000,49.0500,52.5000,48.8900,8892309
147,2017-09-08,sh.603881,48.5900,50.1600,50.8700,48.3100,8184344
148,2017-09-11,sh.603881,49.6000,49.7200,49.9800,48.7500,5266420
149,2017-09-12,sh.603881,49.7000,48.3400,50.3800,48.1500,5169337
150,2017-09-13,sh.603881,48.0100,48.9100,49.4800,47.8900,3796594
151,2017-09-14,sh.603881,48.6000,47.6600,48.9000,47.6000,3436354
152,2017-09-15,sh.603881,47.5300,46.5700,47.9800,46.3200,3242831
153,2017-09-18,sh.603881,46.5100,47.0700,47.3800,46.3800,1799831
154,2017-09-19,sh.603881,47.2000,46.7900,47.3000,46.5800,1651654
155,2017-09-20,sh.603881,46.5900,47.7600,47.8000,46.5800,2838434
156,2017-09-21,sh.603881,47.5800,46.4500,47.9000,46.3800,2680435
157,2017-09-22,sh.603881,46.0000,47.3300,47.3700,45.0900,3552384
158,2017-09-25,sh.603881,47.4000,47.3700,49.3000,47.0400,5551903
159,2017-09-26,sh.603881,46.8500,45.4500,46.8800,45.0000,4163343
160,2017-09-27,sh.603881,45.4600,45.6700,46.2300,45.3200,2001350
161,2017-09-28,sh.603881,45.8100,47.0100,47.7700,45.6200,4351926
162,2017-09-29,sh.603881,47.7000,47.9000,48.8700,47.0200,5556470
163,2017-10-09,sh.603881,52.6900,52.6900,52.6900,52.6900,1932113
164,2017-10-10,sh.603881,57.9600,57.9600,57.9600,57.9600,817026
165,2017-10-11,sh.603881,63.7600,56.7700,63.7600,56.1700,23270456
166,2017-10-12,sh.603881,56.7500,55.2500,57.8800,53.5300,13260518
167,2017-10-13,sh.603881,54.2000,54.2600,56.1300,53.7700,9044372
168,2017-10-16,sh.603881,53.5000,50.7200,53.6300,50.5500,8818977
169,2017-10-17,sh.603881,51.1800,51.5600,52.2000,50.8400,5391717
170,2017-10-18,sh.603881,52.4200,51.7000,53.7700,51.2800,7564454
171,2017-10-19,sh.603881,50.8500,51.1700,51.5700,50.3100,4698206
172,2017-10-20,sh.603881,51.1400,53.0300,53.6000,51.1400,7569346
173,2017-10-23,sh.603881,53.1900,52.8500,53.4900,52.0800,5241629
174,2017-10-24,sh.603881,52.9000,51.3000,52.9000,50.2600,5225010
175,2017-10-25,sh.603881,51.4800,52.0600,52.2800,51.1400,3524813
176,2017-10-26,sh.603881,52.8000,53.2200,53.9000,52.3000,6929187
177,2017-10-27,sh.603881,52.5500,52.0700,53.0900,52.0000,4052688
178,2017-10-30,sh.603881,52.1000,48.6600,52.1800,48.5000,5787623
179,2017-10-31,sh.603881,48.5200,49.5900,49.6500,48.5100,2852388
180,2017-11-01,sh.603881,49.4400,49.9600,50.4300,49.3000,3028433
181,2017-11-02,sh.603881,49.9500,51.4400,51.4700,48.7200,4767085
182,2017-11-03,sh.603881,50.9600,51.0500,52.3600,50.6000,4357290
183,2017-11-06,sh.603881,51.7500,51.9000,52.1800,50.8000,3399104
184,2017-11-07,sh.603881,51.9100,52.8900,52.9800,50.8800,5239724
185,2017-11-08,sh.603881,52.9800,52.4500,53.4700,52.2800,5570951
186,2017-11-09,sh.603881,52.2000,52.3900,52.8000,51.5700,3401038
187,2017-11-10,sh.603881,52.4500,54.0600,54.5000,52.1000,6865070
188,2017-11-13,sh.603881,53.5000,53.5900,54.0000,53.0100,4655849
189,2017-11-14,sh.603881,53.4100,50.8100,53.9600,50.7800,5844035
190,2017-11-15,sh.603881,50.6100,50.2100,51.2800,50.2000,3208600
191,2017-11-16,sh.603881,50.0500,48.8800,50.6500,48.7500,3425556
192,2017-11-17,sh.603881,49.0900,45.0300,49.5000,44.3100,5829870
193,2017-11-20,sh.603881,44.6800,45.7400,45.9000,44.4000,2618602
194,2017-11-21,sh.603881,46.4900,46.6200,47.5500,45.7000,3702394
195,2017-11-22,sh.603881,46.1000,45.9800,46.8800,45.6800,2539935
196,2017-11-23,sh.603881,45.9400,43.7500,46.4300,43.4500,2660400
197,2017-11-24,sh.603881,43.8500,43.8900,44.4600,43.7000,1818565
198,2017-11-27,sh.603881,44.0000,42.5000,44.3100,42.2700,1695870
199,2017-11-28,sh.603881,42.4900,43.2200,43.3900,42.4900,1794400
200,2017-11-29,sh.603881,43.2600,42.5700,43.6600,41.5900,2075804
201,2017-11-30,sh.603881,42.8000,43.1700,43.3900,42.5600,1797620
202,2017-12-01,sh.603881,43.4800,45.3300,45.8000,43.4800,4482615
203,2017-12-04,sh.603881,44.6600,43.5000,44.8000,43.0100,3142082
204,2017-12-05,sh.603881,42.5500,41.4200,43.4800,40.5000,3161125
205,2017-12-06,sh.603881,41.4500,41.9400,42.0300,40.6500,2055100
206,2017-12-07,sh.603881,41.8100,41.6100,42.0000,41.3500,1484645
207,2017-12-08,sh.603881,41.3000,42.8700,43.4900,41.3000,3308605
208,2017-12-11,sh.603881,47.1600,47.1600,47.1600,47.1600,1389900
209,2017-12-12,sh.603881,51.8800,51.8800,51.8800,50.6800,21810371
210,2017-12-13,sh.603881,50.7700,50.9700,51.2700,49.5000,15283825
211,2017-12-14,sh.603881,50.7700,51.7700,53.0000,50.0400,17396177
212,2017-12-15,sh.603881,50.5000,52.5700,54.5000,50.0600,15804865
213,2017-12-18,sh.603881,52.0400,52.0400,54.3500,51.0500,14987800
214,2017-12-19,sh.603881,50.4800,51.1600,51.5000,49.0000,11760912
215,2017-12-20,sh.603881,50.5600,50.6000,51.1000,49.6100,7743032
216,2017-12-21,sh.603881,50.0100,50.8500,52.8300,49.6200,11911048
217,2017-12-22,sh.603881,50.0000,47.9300,50.4800,47.5200,10948418
218,2017-12-25,sh.603881,47.5000,47.9700,48.7400,47.5000,5421846
219,2017-12-26,sh.603881,47.6700,47.5200,47.9900,45.8800,6168146
220,2017-12-27,sh.603881,47.2400,47.7600,49.8900,47.0000,8384446
221,2017-12-28,sh.603881,47.9500,45.7000,47.9500,44.0300,6717733
222,2017-12-29,sh.603881,45.2000,45.7100,46.1300,45.0000,3746019
223,2018-01-02,sh.603881,45.7700,45.9100,46.1700,45.1000,3211480
224,2018-01-03,sh.603881,45.8800,46.9500,47.9500,45.2800,5963175
225,2018-01-04,sh.603881,46.7000,46.8500,47.2000,46.2000,4563657
226,2018-01-05,sh.603881,46.7500,46.7000,48.0300,46.5600,5338707
227,2018-01-08,sh.603881,45.6000,45.1300,45.6000,44.3800,5219232
228,2018-01-09,sh.603881,44.8800,45.3100,45.3300,44.6800,2840727
229,2018-01-10,sh.603881,45.1900,48.1600,48.6800,44.9500,10107066
230,2018-01-11,sh.603881,47.4500,48.0700,49.8800,46.7800,11444425
231,2018-01-12,sh.603881,47.1900,45.6500,47.4000,45.6000,7098155
232,2018-01-15,sh.603881,45.0100,43.3800,45.2000,43.0300,5073078
233,2018-01-16,sh.603881,43.4200,44.1000,44.4000,43.4200,2727899
234,2018-01-17,sh.603881,43.9400,43.9800,44.0500,41.8100,3671810
235,2018-01-18,sh.603881,43.7000,43.9900,44.3500,43.4500,2092511
236,2018-01-19,sh.603881,43.5200,44.2500,44.4700,43.5200,2514600
237,2018-01-22,sh.603881,44.0200,44.5100,45.0900,43.0200,3321900
238,2018-01-23,sh.603881,44.5200,43.9700,44.7800,43.8000,2115849
239,2018-01-24,sh.603881,43.7000,44.7200,45.0500,43.7000,3573363
240,2018-01-25,sh.603881,44.6100,43.8600,44.8500,43.8000,2895778
241,2018-01-26,sh.603881,43.7000,44.3400,46.8700,42.9000,5104733
242,2018-01-29,sh.603881,42.9900,42.9500,43.6000,42.8600,2910400
243,2018-01-30,sh.603881,42.9500,42.9900,43.3500,42.5300,1526044
244,2018-01-31,sh.603881,42.5000,40.7500,42.5500,40.5400,3710399
245,2018-02-01,sh.603881,40.6800,37.1300,41.1200,37.0000,3799567
246,2018-02-02,sh.603881,36.9300,35.8000,36.9300,35.1000,2544393
247,2018-02-05,sh.603881,33.9900,33.5400,34.9400,33.5100,3163300
248,2018-02-06,sh.603881,32.0500,31.3700,33.5300,31.0600,2802802
249,2018-02-07,sh.603881,32.8300,31.9800,32.9800,30.7100,2731377
250,2018-02-08,sh.603881,31.9900,32.7000,32.9800,31.9800,2074258
251,2018-02-09,sh.603881,30.8300,30.9300,31.8400,30.5200,2382558
252,2018-02-12,sh.603881,31.3300,32.3800,32.7700,31.2100,1903177
253,2018-02-13,sh.603881,32.7000,32.2100,33.2800,32.1100,2070049
254,2018-02-14,sh.603881,32.2500,31.4600,32.7200,31.1900,2554627
255,2018-02-22,sh.603881,31.6300,32.6800,32.8700,31.6300,2403999
256,2018-02-23,sh.603881,32.9400,34.3900,35.6900,32.8900,4710477
257,2018-02-26,sh.603881,34.9100,35.5200,35.5500,33.8200,4169411
258,2018-02-27,sh.603881,35.4000,36.5200,37.3800,35.0000,4590488
259,2018-02-28,sh.603881,35.6800,35.7700,36.3800,35.3100,2728800
260,2018-03-01,sh.603881,35.8700,37.3800,37.4500,35.7500,4952777
261,2018-03-02,sh.603881,37.6000,36.8900,38.7700,36.7700,5060917
262,2018-03-05,sh.603881,37.9800,38.4400,38.4700,37.5000,4452184
263,2018-03-06,sh.603881,38.0800,38.1500,38.5500,37.7800,4108620
264,2018-03-07,sh.603881,37.9300,37.5400,38.3300,37.0000,2760414
265,2018-03-08,sh.603881,37.0800,38.1200,38.1800,37.0700,3453416
266,2018-03-09,sh.603881,37.2500,39.2100,39.7000,37.2400,6486962
267,2018-03-12,sh.603881,39.2000,40.1800,40.8000,39.1000,5186857
268,2018-03-13,sh.603881,39.7300,39.5200,40.3800,39.4800,3507400
269,2018-03-14,sh.603881,39.4000,39.1500,40.1900,39.0100,2615835
270,2018-03-15,sh.603881,39.8800,39.8000,40.7900,38.0000,4704921
271,2018-03-16,sh.603881,42.4800,40.5700,43.7800,40.3100,6039265
272,2018-03-19,sh.603881,38.4200,39.4300,39.9600,38.4200,4243905
273,2018-03-20,sh.603881,38.8400,38.6500,38.9800,38.0000,2971482
274,2018-03-21,sh.603881,38.7500,40.2300,40.5000,38.7500,4605511
275,2018-03-22,sh.603881,41.0000,41.4100,41.9800,40.3000,7701105
276,2018-03-23,sh.603881,39.2400,37.2800,39.8700,37.2700,6104854
277,2018-03-26,sh.603881,36.7000,37.9900,38.0000,34.0000,3741000
278,2018-03-27,sh.603881,38.7300,39.9800,41.3000,38.2000,5436159
279,2018-03-28,sh.603881,38.6100,40.1500,40.7800,38.6100,4808291
280,2018-03-29,sh.603881,40.3000,39.6300,40.5800,39.3000,3153426
281,2018-03-30,sh.603881,39.7800,40.7500,41.0000,39.7800,4787735
282,2018-04-02,sh.603881,41.0800,42.9300,43.5500,40.3200,8805365
283,2018-04-03,sh.603881,41.7100,41.7000,42.2700,41.1000,4937800
284,2018-04-04,sh.603881,41.9000,40.2300,41.9700,40.1200,3671849
285,2018-04-09,sh.603881,40.1000,41.1000,41.6800,39.4000,3248361
286,2018-04-10,sh.603881,40.8100,40.3000,41.3400,39.6700,2906800
287,2018-04-11,sh.603881,40.4500,41.3400,42.0200,40.4500,5144442
288,2018-04-12,sh.603881,41.0100,42.5800,43.0900,41.0100,7101272
289,2018-04-13,sh.603881,42.3500,42.3700,43.2200,41.9300,4309975
290,2018-04-16,sh.603881,42.5300,43.4200,43.5600,42.0000,5765331
291,2018-04-17,sh.603881,43.8300,40.7400,44.1800,40.6600,5367563
292,2018-04-18,sh.603881,41.4100,41.9200,41.9700,39.0000,4594153
293,2018-04-19,sh.603881,41.8800,40.9000,41.8800,40.8000,2985335
294,2018-04-20,sh.603881,40.8900,39.9700,41.7400,39.9000,3403925
295,2018-04-23,sh.603881,40.5900,40.3600,41.4200,39.6800,2410436
296,2018-04-24,sh.603881,40.0100,41.1800,41.2500,39.8700,2527025
297,2018-04-25,sh.603881,41.1700,41.5100,41.7600,40.5000,2580007
298,2018-04-26,sh.603881,41.0000,41.0000,42.0800,40.9500,2901317
299,2018-04-27,sh.603881,40.8000,39.9100,41.5200,39.3600,2492618
300,2018-05-02,sh.603881,40.6300,40.4900,40.9800,39.8800,1579036
301,2018-05-03,sh.603881,40.9500,42.2700,42.3000,40.8800,4103292
302,2018-05-04,sh.603881,42.0000,41.2400,42.1500,40.8800,2284399
303,2018-05-07,sh.603881,41.3100,42.1200,42.3000,41.2800,2707200
304,2018-05-08,sh.603881,42.1200,42.9900,43.1800,42.1200,3815237
305,2018-05-09,sh.603881,43.0700,43.0900,43.1300,42.3800,2484700
306,2018-05-10,sh.603881,43.5500,43.8800,44.8500,43.5500,5358348
307,2018-05-11,sh.603881,43.5600,43.3300,43.8700,43.0100,3001808
308,2018-05-14,sh.603881,43.2000,42.8000,43.8000,42.2500,2224650
309,2018-05-15,sh.603881,47.0800,47.0800,47.0800,46.9100,7933870
310,2018-05-16,sh.603881,47.0800,48.0800,49.7700,45.7100,16508680
311,2018-05-17,sh.603881,46.7500,46.0600,47.2900,45.9800,7514438
312,2018-05-18,sh.603881,45.8500,44.9000,45.9700,44.4500,6116744
313,2018-05-21,sh.603881,45.1800,45.7700,46.8400,44.9500,6835806
314,2018-05-22,sh.603881,45.5100,46.0000,46.4800,45.4000,5718859
315,2018-05-23,sh.603881,45.8100,46.5800,46.9700,45.3800,6249749
316,2018-05-24,sh.603881,46.5100,46.9100,47.2100,45.8000,5617557
317,2018-05-25,sh.603881,47.1800,46.5100,47.8500,46.1900,4795318
318,2018-05-28,sh.603881,47.1900,44.1700,47.2400,43.2300,5710410
319,2018-05-29,sh.603881,43.6000,42.8200,44.9300,42.7900,4106649
320,2018-05-30,sh.603881,42.8000,41.1300,42.8000,41.0000,3847723
321,2018-05-31,sh.603881,41.5200,42.0000,42.0800,41.3500,2360393
322,2018-06-01,sh.603881,41.7400,39.8200,41.7400,39.5900,3678406
323,2018-06-04,sh.603881,40.2100,40.0200,40.5000,39.8100,1879631
324,2018-06-05,sh.603881,40.1000,40.9500,40.9700,40.0200,1771705
325,2018-06-06,sh.603881,41.1400,41.4600,41.8800,40.8000,2525700
326,2018-06-07,sh.603881,41.8600,40.9500,41.9300,40.8000,1855299
327,2018-06-08,sh.603881,40.7200,41.2800,41.3000,39.9400,2170074
328,2018-06-11,sh.603881,41.0000,42.5200,42.5600,40.7100,3617190
329,2018-06-12,sh.603881,43.5400,43.7900,45.4300,42.7800,6750696
330,2018-06-13,sh.603881,43.0000,41.6000,43.5000,41.5100,4478312
331,2018-06-14,sh.603881,41.0000,41.0100,41.8000,40.6200,2826903
332,2018-06-15,sh.603881,41.0100,40.0700,41.7800,39.6400,2587302
333,2018-06-19,sh.603881,39.2400,36.0600,39.2400,36.0600,4056282
334,2018-06-20,sh.603881,35.9000,36.9800,37.2400,35.8100,2668460
335,2018-06-21,sh.603881,36.7600,35.7100,37.4300,35.6100,2314267
336,2018-06-22,sh.603881,35.4300,36.4200,36.6600,35.0100,1629709
337,2018-06-25,sh.603881,36.8300,36.9800,37.3800,36.6800,1672700
338,2018-06-26,sh.603881,36.3300,38.1300,38.1600,36.2500,2593500
339,2018-06-27,sh.603881,38.1300,37.7500,38.2900,37.4000,1950754
340,2018-06-28,sh.603881,37.5900,37.6100,38.4300,37.5900,1364000
341,2018-06-29,sh.603881,37.7000,38.8400,38.9700,37.7000,2370700
342,2018-07-02,sh.603881,38.7500,38.1400,39.2000,37.6100,2172800
343,2018-07-03,sh.603881,38.2100,39.0300,39.1900,37.5100,2417301
344,2018-07-04,sh.603881,38.8300,37.7000,38.9700,37.5100,2007820
345,2018-07-05,sh.603881,37.5200,36.9100,39.0000,36.9000,2353008
346,2018-07-06,sh.603881,36.3300,37.2700,38.0300,36.3300,2362590
347,2018-07-09,sh.603881,37.4000,38.1200,38.2100,37.2700,1792438
348,2018-07-10,sh.603881,38.0300,38.2900,38.3700,37.7700,1654904
349,2018-07-11,sh.603881,37.1700,37.0100,37.4600,36.4000,2019519
350,2018-07-12,sh.603881,37.0500,38.1300,38.3000,37.0500,2592099
351,2018-07-13,sh.603881,38.2800,37.9900,38.4100,37.7500,1871979
352,2018-07-16,sh.603881,38.1000,38.2500,38.5500,37.8000,1781815
353,2018-07-17,sh.603881,38.0200,38.3500,38.3700,37.5000,1497520
354,2018-07-18,sh.603881,38.2000,38.8500,41.9000,38.0800,4463857
355,2018-07-19,sh.603881,38.7000,37.8200,38.7000,37.3500,2645198
356,2018-07-20,sh.603881,37.7600,38.2200,38.4300,37.2200,2135827
357,2018-07-23,sh.603881,38.0300,38.5400,38.6500,37.9000,1781335
358,2018-07-24,sh.603881,38.4500,38.9900,39.2800,38.3500,2138759
359,2018-07-25,sh.603881,38.9600,38.7100,39.5800,38.5400,2042881
360,2018-07-26,sh.603881,38.7100,37.7900,38.9900,37.5700,1718000
361,2018-07-27,sh.603881,37.7900,37.9600,38.1000,37.5800,926900
362,2018-07-30,sh.603881,38.1700,37.0400,38.1700,36.8000,1489975
363,2018-07-31,sh.603881,36.7100,36.9100,37.3500,36.7100,989705
364,2018-08-01,sh.603881,37.2400,36.1000,37.4500,35.8000,1095939
365,2018-08-02,sh.603881,36.0000,34.8300,36.0000,34.0600,1911998
366,2018-08-03,sh.603881,34.6300,34.6900,35.0900,34.3900,857201
367,2018-08-06,sh.603881,34.8500,33.3500,34.8800,33.0900,1154158
368,2018-08-07,sh.603881,33.3300,34.1200,34.1900,33.0500,1610573
369,2018-08-08,sh.603881,34.0000,32.7300,34.0800,32.5600,1447632
370,2018-08-09,sh.603881,32.9000,33.9900,34.2500,32.6000,2018506
371,2018-08-10,sh.603881,34.0000,34.7300,34.8800,34.0000,1799956
372,2018-08-13,sh.603881,34.0700,35.5700,36.7300,34.0700,2560874
373,2018-08-14,sh.603881,35.3500,35.1000,35.3800,34.8200,1218262
374,2018-08-15,sh.603881,35.0600,34.4200,35.7800,34.2300,1404900
375,2018-08-16,sh.603881,33.6100,34.7300,34.9900,33.5800,1257173
376,2018-08-17,sh.603881,35.2500,34.4900,35.3800,34.1100,998362
377,2018-08-20,sh.603881,33.5000,33.0200,33.9300,31.3900,3208421
378,2018-08-21,sh.603881,32.5300,33.9000,34.1600,32.5300,2329682
379,2018-08-22,sh.603881,33.6100,33.2400,34.4200,33.2200,1368102
380,2018-08-23,sh.603881,33.6800,33.7200,34.0800,33.3100,1440005
381,2018-08-24,sh.603881,33.7300,33.5700,34.0500,33.3900,1097500
382,2018-08-27,sh.603881,33.6100,34.1900,34.2300,33.5700,1948982
383,2018-08-28,sh.603881,34.2200,33.8100,34.2700,33.6600,1410823
384,2018-08-29,sh.603881,33.8500,33.1000,33.8500,32.8500,1527014
385,2018-08-30,sh.603881,33.2300,32.2100,33.2500,32.1900,1480493
386,2018-08-31,sh.603881,32.0500,31.6400,32.5900,31.3200,1548029
387,2018-09-03,sh.603881,31.5500,31.7400,31.7600,30.8800,1227782
388,2018-09-04,sh.603881,32.1500,32.2900,32.6700,31.6000,1420336
389,2018-09-05,sh.603881,32.1000,31.3900,32.3500,31.3700,1041436
390,2018-09-06,sh.603881,31.5800,31.5400,32.2400,31.1800,1335536
391,2018-09-07,sh.603881,31.5800,31.3200,32.1500,31.0800,1473200
392,2018-09-10,sh.603881,31.3100,30.0800,31.3100,29.7000,1658932
393,2018-09-11,sh.603881,29.8400,29.9100,30.3000,29.8100,1258397
394,2018-09-12,sh.603881,30.0300,29.9800,30.1800,29.8200,1378000
395,2018-09-13,sh.603881,30.5200,30.1800,30.5500,29.8800,1341083
396,2018-09-14,sh.603881,30.1500,30.2800,31.1700,30.1100,2921004
397,2018-09-17,sh.603881,29.9700,30.7600,31.3100,29.6000,2441450
398,2018-09-18,sh.603881,30.5000,32.0200,32.0500,30.4300,3729900
399,2018-09-19,sh.603881,31.8900,31.7000,32.1100,31.3000,3052009
400,2018-09-20,sh.603881,31.7800,31.2100,31.8500,31.1600,1628309
401,2018-09-21,sh.603881,31.0400,31.3000,31.5400,30.9100,1348960
402,2018-09-25,sh.603881,31.3000,31.0400,31.3800,30.9000,942770
403,2018-09-26,sh.603881,31.0500,31.1600,31.4800,30.9600,1188782
404,2018-09-27,sh.603881,31.1700,30.1200,31.3500,30.0500,1361290
405,2018-09-28,sh.603881,30.1800,30.6900,30.6900,30.1800,915730
406,2018-10-08,sh.603881,30.0000,29.4000,30.1500,29.3200,1151360
407,2018-10-09,sh.603881,29.1200,29.2600,29.9800,29.0700,734053
408,2018-10-10,sh.603881,29.3500,29.3100,29.5800,29.1600,723500
409,2018-10-11,sh.603881,28.1200,26.3800,28.4700,26.3800,2481230
410,2018-10-12,sh.603881,26.1200,25.1500,26.1600,23.9000,2585653
411,2018-10-15,sh.603881,25.1000,23.8700,25.2500,23.7200,1903127
412,2018-10-16,sh.603881,24.0400,23.4800,24.4300,23.3500,1580600
413,2018-10-17,sh.603881,23.7700,24.1000,24.2700,23.2300,1936946
414,2018-10-18,sh.603881,23.9700,23.6000,24.0600,23.2600,1903705
415,2018-10-19,sh.603881,23.1100,24.2900,24.3300,23.0800,2451700
416,2018-10-22,sh.603881,24.4600,25.1000,25.6000,24.2200,7688966
417,2018-10-23,sh.603881,24.9900,23.8500,24.9900,23.7500,4220149
418,2018-10-24,sh.603881,23.4700,23.9500,24.0500,23.3100,2646711
419,2018-10-25,sh.603881,23.1000,22.6800,23.1500,21.7400,4350209
420,2018-10-26,sh.603881,22.8800,22.5500,22.9500,22.2000,2609239
421,2018-10-29,sh.603881,22.2200,21.7700,22.4000,21.5200,2252409
422,2018-10-30,sh.603881,21.7700,22.4300,22.5500,21.6400,2825628
423,2018-10-31,sh.603881,22.8500,22.9000,23.1900,22.5600,2814054
424,2018-11-01,sh.603881,23.5300,23.7700,24.8200,23.3300,5481557
425,2018-11-02,sh.603881,24.1600,24.6000,24.8900,24.1600,5289971
426,2018-11-05,sh.603881,24.6800,24.7600,25.1800,24.2000,3850336
427,2018-11-06,sh.603881,24.7000,24.9900,25.0000,24.2400,3182166
428,2018-11-07,sh.603881,25.2700,25.2700,25.3800,24.4500,4117511
429,2018-11-08,sh.603881,25.8000,25.4700,25.9800,25.2600,5311450
430,2018-11-09,sh.603881,25.0100,25.0800,25.2000,24.6800,2711786
431,2018-11-12,sh.603881,25.0000,25.7700,25.9900,24.7000,3195509
432,2018-11-13,sh.603881,25.1500,25.6700,25.9000,25.1100,3442140
433,2018-11-14,sh.603881,25.4400,27.0000,27.7000,25.3500,6184035
434,2018-11-15,sh.603881,26.9000,29.0600,29.1700,26.4100,6064988
435,2018-11-16,sh.603881,28.5600,28.5800,29.7800,28.5200,5529490
436,2018-11-19,sh.603881,28.2500,29.2300,29.5900,28.0100,3898853
437,2018-11-20,sh.603881,28.8000,27.6100,29.1300,27.6100,2927000
438,2018-11-21,sh.603881,27.2100,28.1600,28.8000,27.1700,2579582
439,2018-11-22,sh.603881,28.2000,27.8200,28.6400,27.7500,1819440
440,2018-11-23,sh.603881,27.9100,26.3900,28.1200,26.0300,3209693
441,2018-11-26,sh.603881,26.4800,26.4200,27.0000,25.8600,1940285
442,2018-11-27,sh.603881,26.7500,26.8400,27.1100,26.5000,1856787
443,2018-11-28,sh.603881,26.7400,26.9500,27.0800,25.9700,2595987
444,2018-11-29,sh.603881,27.3800,27.1600,28.1900,27.0800,4064847
445,2018-11-30,sh.603881,26.5500,26.9100,27.1000,25.9800,2581539
446,2018-12-03,sh.603881,27.6000,28.5800,28.5800,27.6000,3953118
447,2018-12-04,sh.603881,28.4000,28.3200,28.4000,27.8800,2518963
448,2018-12-05,sh.603881,27.4700,27.7300,28.0900,27.4100,1995718
449,2018-12-06,sh.603881,27.5000,26.5500,27.7300,26.5000,2165674
450,2018-12-07,sh.603881,26.5900,26.8200,26.9900,26.5900,982766
451,2018-12-10,sh.603881,26.7600,26.3100,26.7600,26.2100,1175200
452,2018-12-11,sh.603881,26.3400,26.7100,26.7600,26.3400,1176984
453,2018-12-12,sh.603881,26.7800,26.7100,26.9300,26.5000,986484
454,2018-12-13,sh.603881,26.7200,26.9500,27.0700,26.3000,1628167
455,2018-12-14,sh.603881,26.7100,25.3000,26.8700,25.0300,2101200
456,2018-12-17,sh.603881,25.1000,25.3500,25.4500,24.7800,1266630
457,2018-12-18,sh.603881,25.0700,25.0900,25.4500,24.8900,1055955
458,2018-12-19,sh.603881,25.3500,24.6600,25.3500,24.4500,799101
459,2018-12-20,sh.603881,24.5500,24.9000,25.2500,24.5100,909223
460,2018-12-21,sh.603881,24.7200,25.0300,25.1500,24.7200,865674
461,2018-12-24,sh.603881,25.0200,25.6000,25.7200,24.8300,1310311
462,2018-12-25,sh.603881,25.4400,26.6800,27.5000,24.9000,2902442
463,2018-12-26,sh.603881,26.4100,26.1900,26.9800,26.1500,1736261
464,2018-12-27,sh.603881,26.5000,25.1900,26.6300,25.1900,2096605
465,2018-12-28,sh.603881,25.2400,24.7400,25.4900,24.6600,1603768
466,2019-01-02,sh.603881,24.8800,24.6400,25.0600,24.5000,1125944
467,2019-01-03,sh.603881,24.6400,24.3000,25.0200,24.2900,1197610
468,2019-01-04,sh.603881,24.0600,25.2300,25.3900,24.0600,1771444
469,2019-01-07,sh.603881,25.3200,26.3000,26.5000,25.3200,2982800
470,2019-01-08,sh.603881,26.4100,26.5500,26.7900,26.1100,2346501
471,2019-01-09,sh.603881,26.5800,26.7300,27.7500,26.2900,4005344
472,2019-01-10,sh.603881,26.7800,26.5300,27.0200,26.4200,2014653
473,2019-01-11,sh.603881,26.5900,26.9600,26.9600,26.0900,2264301
474,2019-01-14,sh.603881,26.8500,26.9100,27.4300,26.5700,2005961
475,2019-01-15,sh.603881,26.8600,27.5300,27.6800,26.5100,3027621
476,2019-01-16,sh.603881,27.5300,27.1200,27.9200,27.0000,2294440
477,2019-01-17,sh.603881,27.0400,27.3200,29.1100,26.6100,2842974
478,2019-01-18,sh.603881,26.9000,26.8000,27.1100,26.4000,2272291
479,2019-01-21,sh.603881,26.6200,26.8100,27.1900,26.5100,1391000
480,2019-01-22,sh.603881,26.6700,26.9000,27.0800,26.6000,1345161
481,2019-01-23,sh.603881,26.8600,26.6100,26.8700,26.3500,1160400
482,2019-01-24,sh.603881,26.7000,27.2900,27.5700,26.4900,2206200
483,2019-01-25,sh.603881,27.5500,27.0700,27.6800,27.0300,1975581
484,2019-01-28,sh.603881,27.1800,27.6000,27.6900,27.0100,2220003
485,2019-01-29,sh.603881,27.3900,26.6600,27.5300,26.0800,1883300
486,2019-01-30,sh.603881,26.6000,25.6000,26.8800,25.4400,1912700
487,2019-01-31,sh.603881,25.5100,25.8100,26.3400,25.5000,1464899
488,2019-02-01,sh.603881,25.8100,26.9700,26.9800,25.8100,1440352
489,2019-02-11,sh.603881,26.9500,27.6100,27.6800,26.7000,2713617
490,2019-02-12,sh.603881,27.7500,28.2500,28.8700,27.5200,4100070
491,2019-02-13,sh.603881,28.4600,29.2000,29.4600,28.3100,4241797
492,2019-02-14,sh.603881,29.0800,29.0000,29.4000,28.7200,2542200
493,2019-02-15,sh.603881,29.1900,28.9500,29.8500,28.9400,2963765
494,2019-02-18,sh.603881,29.0100,30.3000,30.5500,29.0100,3697598
495,2019-02-19,sh.603881,30.3000,30.5300,31.3000,29.8200,4184636
496,2019-02-20,sh.603881,30.3100,30.0000,30.4800,29.6000,2476558
497,2019-02-21,sh.603881,30.0000,29.6600,30.7400,29.5600,3293490
498,2019-02-22,sh.603881,29.6900,31.6500,32.0800,29.6700,4989398
499,2019-02-25,sh.603881,32.0000,33.6700,34.2900,32.0000,6288131
500,2019-02-26,sh.603881,33.7300,33.0000,33.9700,32.5900,4358407
501,2019-02-27,sh.603881,33.0000,32.4500,33.3300,31.9000,3897392
502,2019-02-28,sh.603881,32.3600,32.3000,33.1000,32.1000,2410661
503,2019-03-01,sh.603881,32.3200,32.6600,32.7800,32.0600,2271363
504,2019-03-04,sh.603881,32.9800,32.3200,34.2000,31.9000,6775418
505,2019-03-05,sh.603881,32.3200,35.5500,35.5500,32.3200,11338581
506,2019-03-06,sh.603881,35.5000,35.0000,35.5000,34.2100,8588720
507,2019-03-07,sh.603881,34.9000,35.7500,36.3600,34.1500,7997689
508,2019-03-08,sh.603881,34.2600,35.2100,37.2200,34.0100,8159232
509,2019-03-11,sh.603881,36.8000,36.7400,36.9000,35.5100,5550435
510,2019-03-12,sh.603881,36.7500,37.4000,38.1500,36.6100,5919395
511,2019-03-13,sh.603881,37.5700,35.4100,37.5700,34.8800,5692874
512,2019-03-14,sh.603881,35.0000,34.9800,35.7800,34.0000,3502339
513,2019-03-15,sh.603881,35.0000,36.0400,37.1500,34.8300,5671813
514,2019-03-18,sh.603881,36.0600,36.5300,36.7600,35.0900,3173978
515,2019-03-19,sh.603881,38.5000,37.0500,38.6200,36.8100,6536225
516,2019-03-20,sh.603881,37.0200,40.7600,40.7600,36.8500,12756427
517,2019-03-21,sh.603881,39.9000,40.1800,42.4300,39.5000,10788015
518,2019-03-22,sh.603881,39.5700,43.7900,43.9600,39.5700,9651484
519,2019-03-25,sh.603881,42.8100,42.0000,43.2800,40.0000,6846451
520,2019-03-26,sh.603881,41.8700,41.5500,43.6600,40.8200,6350252
521,2019-03-27,sh.603881,42.0600,40.9000,42.3000,39.4500,4799501
522,2019-03-28,sh.603881,41.9600,39.9800,43.5000,39.9500,6652684
523,2019-03-29,sh.603881,39.5000,40.7100,41.5000,39.0000,5709527
524,2019-04-01,sh.603881,41.3000,42.9000,43.4000,40.5000,7437055
525,2019-04-02,sh.603881,42.7500,42.5800,43.8900,42.1000,6509642
526,2019-04-03,sh.603881,42.0200,42.9800,43.4900,41.6600,4658755
527,2019-04-04,sh.603881,43.6900,41.9500,43.8800,41.6000,4822179
528,2019-04-08,sh.603881,42.1700,40.7900,42.1700,39.8500,4832197
529,2019-04-09,sh.603881,40.3800,40.4500,41.3900,40.1000,2936586
530,2019-04-10,sh.603881,39.9900,39.1500,40.0000,38.7000,4371400
531,2019-04-11,sh.603881,39.6200,38.4600,39.8400,38.4000,2980807
532,2019-04-12,sh.603881,38.7000,37.9500,38.7000,37.2400,3325682
533,2019-04-15,sh.603881,38.4400,37.6000,39.3500,37.5500,3154263
534,2019-04-16,sh.603881,37.6600,38.9400,38.9600,36.9300,3366700
535,2019-04-17,sh.603881,38.8700,38.5500,39.3000,38.3300,2498935
536,2019-04-18,sh.603881,38.5000,37.8100,38.5000,37.7800,2223167
537,2019-04-19,sh.603881,38.0000,38.2100,38.5000,38.0000,2228646
538,2019-04-22,sh.603881,38.9900,38.8000,39.8000,38.6800,5046824
539,2019-04-23,sh.603881,38.2100,37.3800,38.4600,37.0000,3505634
540,2019-04-24,sh.603881,37.4000,38.0700,38.1700,36.8800,2517801
541,2019-04-25,sh.603881,38.1000,37.0900,38.6900,37.0100,2852311
542,2019-04-26,sh.603881,36.8400,37.4600,38.9900,36.5300,3525481
543,2019-04-29,sh.603881,36.9100,33.6500,37.5000,33.6500,5780847
544,2019-04-30,sh.603881,33.6000,32.9000,33.9800,32.2800,3969413
545,2019-05-06,sh.603881,31.4400,30.4000,32.3500,30.0600,4527168
546,2019-05-07,sh.603881,30.9500,31.7000,32.3000,30.6400,3675268
547,2019-05-08,sh.603881,31.0000,32.8200,33.7900,30.5900,4446606
548,2019-05-09,sh.603881,32.6000,32.2400,33.4700,32.2400,3019343
549,2019-05-10,sh.603881,32.7800,33.3100,33.4800,31.6000,3366922
550,2019-05-13,sh.603881,32.8000,32.8800,33.6600,32.7300,2129320
551,2019-05-14,sh.603881,32.4900,32.3000,33.1500,32.1500,1986823
552,2019-05-15,sh.603881,32.9100,33.5000,33.5000,32.8300,2983989
553,2019-05-16,sh.603881,33.5200,33.5700,34.9700,33.1800,3808878
554,2019-05-17,sh.603881,33.7000,32.0000,33.9000,31.9800,3289500
555,2019-05-20,sh.603881,32.0300,32.5100,32.5100,31.1000,2599328
556,2019-05-21,sh.603881,32.4900,32.7200,33.2100,31.9000,2473245
557,2019-05-22,sh.603881,32.7100,32.8000,33.2200,32.2000,1817105
558,2019-05-23,sh.603881,32.7700,31.5700,32.8000,31.2400,2538461
559,2019-05-24,sh.603881,31.2200,31.5800,32.1900,31.0000,1778920
560,2019-05-27,sh.603881,32.5200,32.6700,33.1600,31.9000,6149525
561,2019-05-28,sh.603881,32.4800,32.2700,32.8800,32.0800,4344100
562,2019-05-29,sh.603881,32.0000,31.9700,32.4000,31.2200,3076939
563,2019-05-30,sh.603881,31.5800,31.6900,31.7900,30.8500,2875193
564,2019-05-31,sh.603881,31.5600,31.4000,31.9600,31.2300,2315200
565,2019-06-03,sh.603881,31.4800,30.4900,31.6800,30.2800,2539552
566,2019-06-04,sh.603881,30.7500,29.7400,30.8000,29.6100,2634652
567,2019-06-05,sh.603881,30.1600,30.2300,30.6800,29.8000,2552600
568,2019-06-06,sh.603881,30.4800,29.6500,30.5500,29.6000,1629529
569,2019-06-10,sh.603881,29.2000,29.8000,29.9000,29.0100,1922673
570,2019-06-11,sh.603881,29.7200,30.8400,30.8900,29.5100,2482973
571,2019-06-12,sh.603881,30.7000,30.4600,31.1400,30.3500,1954200
572,2019-06-13,sh.603881,30.4600,31.3000,31.7200,30.3200,3124478
573,2019-06-14,sh.603881,31.1100,30.4600,31.9500,30.3600,2616764
574,2019-06-17,sh.603881,30.1400,29.8000,30.5500,29.6000,1503254
575,2019-06-18,sh.603881,29.8000,30.0300,30.2200,29.7800,1102400
576,2019-06-19,sh.603881,30.9700,31.3000,31.4100,30.6000,3205446
577,2019-06-20,sh.603881,31.0200,32.2500,32.4900,30.8100,4018280
578,2019-06-21,sh.603881,32.1900,32.4500,32.8700,32.0100,3301618
579,2019-06-24,sh.603881,32.5500,32.2400,32.8200,31.9600,1793067
580,2019-06-25,sh.603881,32.2000,31.8100,32.2000,31.3800,2009715
581,2019-06-26,sh.603881,31.6200,32.1300,32.5000,31.5300,1766392
582,2019-06-27,sh.603881,32.2900,32.6200,32.7800,32.1500,2717309
583,2019-06-28,sh.603881,32.4700,31.8200,32.5800,31.6000,1896600
584,2019-07-01,sh.603881,32.4800,33.0100,33.0900,32.3400,3603833
585,2019-07-02,sh.603881,33.1600,32.9900,33.3500,32.7100,2430418
586,2019-07-03,sh.603881,32.7800,32.2000,32.9400,31.9400,2567300
587,2019-07-04,sh.603881,32.2000,31.8800,32.4300,31.8300,1378900
588,2019-07-05,sh.603881,31.9800,32.3600,32.4500,31.8000,1393200
589,2019-07-08,sh.603881,32.3800,30.6600,32.3800,30.5000,2716988
590,2019-07-09,sh.603881,30.9000,30.5800,30.9900,30.1200,1708600
591,2019-07-10,sh.603881,30.4700,30.4600,31.1800,30.3100,1342828
592,2019-07-11,sh.603881,30.8800,30.2200,30.8800,30.0300,1370900
593,2019-07-12,sh.603881,30.1300,30.4300,30.8900,30.0400,1501900
594,2019-07-15,sh.603881,30.4400,30.9100,31.3800,29.6100,2269570
595,2019-07-16,sh.603881,30.9200,30.6700,31.1400,30.5900,1184400
596,2019-07-17,sh.603881,30.8400,30.6900,31.0800,30.2000,1271701
597,2019-07-18,sh.603881,30.4100,29.9300,30.4500,29.8800,2069090
598,2019-07-19,sh.603881,30.0000,29.8100,30.3800,29.7200,1810179
599,2019-07-22,sh.603881,29.8100,28.9800,30.1400,28.7800,2160115
600,2019-07-23,sh.603881,28.8800,29.3700,29.6500,28.8800,1316200
601,2019-07-24,sh.603881,29.3300,30.0600,30.2700,29.3000,2012300
602,2019-07-25,sh.603881,30.0900,30.5400,30.7400,30.0700,2746100
603,2019-07-26,sh.603881,30.5400,30.8800,30.9200,30.4100,2434800
604,2019-07-29,sh.603881,30.7800,31.2000,31.3700,30.6800,2552200
605,2019-07-30,sh.603881,31.3500,31.8300,32.3000,31.1300,3269646
606,2019-07-31,sh.603881,31.8100,32.6600,32.8000,31.5400,4039105
607,2019-08-01,sh.603881,32.2400,32.6000,32.7500,32.1000,2635098
608,2019-08-02,sh.603881,31.9500,32.5300,32.6000,31.7100,2934615
609,2019-08-05,sh.603881,32.4100,31.8300,32.9300,31.8000,2857016
610,2019-08-06,sh.603881,31.1900,33.0200,33.4700,31.1200,7430685
611,2019-08-07,sh.603881,33.0100,33.6400,34.4900,32.1200,8780009
612,2019-08-08,sh.603881,33.3300,34.9200,34.9400,33.3200,6217283
613,2019-08-09,sh.603881,35.0300,34.0200,35.1400,33.7900,4597353
614,2019-08-12,sh.603881,33.8300,35.0000,35.1000,33.7500,5175360
615,2019-08-13,sh.603881,34.7200,35.8700,36.7600,34.3900,6249806
616,2019-08-14,sh.603881,36.2000,35.8700,36.9000,35.6200,3925265
617,2019-08-15,sh.603881,34.9800,37.5600,37.8700,34.7200,5322891
618,2019-08-16,sh.603881,37.5000,36.8900,37.9300,36.7000,4411003
619,2019-08-19,sh.603881,37.2000,38.3400,38.4500,36.8000,5066055
620,2019-08-20,sh.603881,38.1000,37.8500,38.4000,37.6000,4240098
621,2019-08-21,sh.603881,37.8600,37.0800,38.1900,36.7500,5153299
622,2019-08-22,sh.603881,37.1000,36.7000,37.3400,36.3300,4210663
623,2019-08-23,sh.603881,36.9500,36.6000,37.3300,36.0900,4472900
624,2019-08-26,sh.603881,35.3700,36.6200,37.6600,35.3300,4998803
625,2019-08-27,sh.603881,37.0900,37.5000,38.0900,36.6000,5003250
626,2019-08-28,sh.603881,37.4800,36.5800,37.4800,36.4100,3398899
627,2019-08-29,sh.603881,36.5000,37.2300,37.8000,36.3500,3374103
628,2019-08-30,sh.603881,37.2700,37.0200,37.6900,36.6400,3605603
629,2019-09-02,sh.603881,36.8200,38.2900,38.6800,36.7200,4537013
630,2019-09-03,sh.603881,38.5800,38.2700,38.6800,37.8600,2960694
631,2019-09-04,sh.603881,38.3000,37.3600,38.3800,36.8800,4418915
632,2019-09-05,sh.603881,37.3900,37.9300,39.3300,37.3900,6162017
633,2019-09-06,sh.603881,38.1400,38.4500,38.5000,37.6500,3676551
634,2019-09-09,sh.603881,38.9900,39.9900,40.0700,38.2000,6555409
635,2019-09-10,sh.603881,39.7100,39.1600,40.3600,38.8000,4684197
636,2019-09-11,sh.603881,39.1600,39.3700,39.8700,38.6500,4678725
637,2019-09-12,sh.603881,40.0800,40.2200,40.8900,39.0200,8395694
638,2019-09-16,sh.603881,40.0100,40.4500,40.9200,39.1700,7021162
639,2019-09-17,sh.603881,40.0000,37.8000,40.0800,37.1500,7401120
640,2019-09-18,sh.603881,38.1500,36.7700,38.2200,36.6000,4964311
641,2019-09-19,sh.603881,36.6600,36.9600,37.0500,36.3100,3250318
642,2019-09-20,sh.603881,37.0000,37.2600,37.3900,36.6600,4443999
643,2019-09-23,sh.603881,37.3400,38.7500,38.9200,36.8600,6676376
644,2019-09-24,sh.603881,38.9500,39.0700,39.4900,38.4100,5350786
645,2019-09-25,sh.603881,39.3000,37.1400,39.3000,37.0800,4789539
646,2019-09-26,sh.603881,37.0100,35.8000,37.6600,35.2000,5141680
647,2019-09-27,sh.603881,35.9800,35.6000,36.2000,35.1000,2743746
648,2019-09-30,sh.603881,35.6000,34.5000,35.7500,34.3300,3031556
649,2019-10-08,sh.603881,34.5900,34.3200,35.4400,34.1300,2566825
650,2019-10-09,sh.603881,34.3000,34.8300,34.8500,33.8600,2149934
651,2019-10-10,sh.603881,34.8000,35.5200,35.6100,34.5000,2885819
652,2019-10-11,sh.603881,35.4600,35.6800,36.4200,35.0500,3283028
653,2019-10-14,sh.603881,36.3800,36.5000,36.6200,35.8800,2993055
654,2019-10-15,sh.603881,36.3000,35.5000,36.3000,35.3500,2222578
655,2019-10-16,sh.603881,35.6700,35.7800,36.4800,35.5500,1909139
656,2019-10-17,sh.603881,35.7700,35.9400,36.1800,35.7000,1486717
657,2019-10-18,sh.603881,35.7000,35.5000,36.2000,35.0700,1855182
658,2019-10-21,sh.603881,35.3100,35.0200,35.6000,34.5300,1888107
659,2019-10-22,sh.603881,35.3900,36.1600,36.4800,35.1800,2935929
660,2019-10-23,sh.603881,36.2000,35.5500,36.4000,35.5500,1631459
661,2019-10-24,sh.603881,35.7800,35.2300,35.8300,34.9800,1553348
662,2019-10-25,sh.603881,34.9000,31.7300,34.9000,31.7100,11339867
663,2019-10-28,sh.603881,32.3000,33.4900,33.8400,32.2800,8096137
664,2019-10-29,sh.603881,34.0000,31.9600,34.2200,31.9100,6679664
665,2019-10-30,sh.603881,32.0700,31.5600,32.3000,31.3500,3527072
666,2019-10-31,sh.603881,31.5500,31.4400,31.9300,31.1200,2737010
667,2019-11-01,sh.603881,31.1300,31.6200,31.8400,30.5300,2653745
668,2019-11-04,sh.603881,31.8000,32.0700,32.4100,31.6200,2606671
669,2019-11-05,sh.603881,32.0800,32.5300,32.7500,31.7300,3080600
670,2019-11-06,sh.603881,32.4700,32.3900,32.8400,32.3100,1839420
671,2019-11-07,sh.603881,32.2500,34.0200,34.2000,32.2500,5511337
672,2019-11-08,sh.603881,33.8000,35.7400,36.4000,33.8000,7259939
673,2019-11-11,sh.603881,35.7800,35.7400,36.6200,35.0600,4543901
674,2019-11-12,sh.603881,35.9600,36.0000,36.4500,35.4100,3167602
675,2019-11-13,sh.603881,36.1700,37.0000,37.2400,35.9300,4328267
676,2019-11-14,sh.603881,36.9700,36.8300,37.2400,36.4100,3076372
677,2019-11-15,sh.603881,37.0000,36.6500,37.3500,36.3600,2716549
678,2019-11-18,sh.603881,36.7100,37.3000,37.6800,36.0500,3286665
679,2019-11-19,sh.603881,37.3000,37.4100,37.6200,37.0900,2611425
680,2019-11-20,sh.603881,37.5200,37.8800,39.2200,37.4700,5045882
681,2019-11-21,sh.603881,37.5300,37.5600,38.1900,37.2300,2226709
682,2019-11-22,sh.603881,37.8000,36.7800,38.0000,36.5100,2684457
