,Date,Open,High,Low,Close,Adj Close,Volume
0,2014-08-27,5.74,5.8,5.74,5.8,3.9408449999999995,31600
1,2014-08-28,5.77,5.82,5.77,5.82,3.9544339999999996,40300
2,2014-08-29,5.83,5.84,5.8,5.84,3.9680239999999998,45300
3,2014-09-02,5.83,5.83,5.8,5.81,3.947639,61700
4,2014-09-03,5.8,5.85,5.8,5.85,3.974817,47500
5,2014-09-04,5.84,5.86,5.79,5.83,3.9612279999999997,54900
6,2014-09-05,5.82,5.82,5.78,5.78,3.927256,25900
7,2014-09-08,5.76,5.78,5.73,5.73,3.893282,67500
8,2014-09-09,5.73,5.78,5.73,5.77,3.920462,82400
9,2014-09-10,5.74,5.75,5.72,5.74,3.9000779999999997,52800
10,2014-09-11,5.72,5.76,5.72,5.73,3.893282,84300
11,2014-09-12,5.73,5.74,5.71,5.71,3.879694,80500
12,2014-09-15,5.71,5.73,5.69,5.69,3.866105,80400
13,2014-09-16,5.67,5.68,5.62,5.62,3.8435370000000004,80300
14,2014-09-17,5.63,5.64,5.63,5.63,3.8503760000000002,67000
15,2014-09-18,5.62,5.64,5.61,5.62,3.8435370000000004,67200
16,2014-09-19,5.61,5.63,5.61,5.62,3.8435370000000004,40500
17,2014-09-22,5.62,5.64,5.57,5.57,3.80934,62300
18,2014-09-23,5.58,5.61,5.58,5.61,3.836696,57900
19,2014-09-24,5.59,5.63,5.59,5.63,3.8503760000000002,42600
20,2014-09-25,5.62,5.63,5.57,5.63,3.8503760000000002,77400
21,2014-09-26,5.61,5.63,5.57,5.62,3.8435370000000004,48900
22,2014-09-29,5.6,5.65,5.6,5.64,3.857213,67700
23,2014-09-30,5.66,5.7,5.65,5.7,3.89825,38700
24,2014-10-01,5.68,5.76,5.67,5.72,3.9119269999999995,106100
25,2014-10-02,5.71,5.75,5.7,5.72,3.9119269999999995,58100
26,2014-10-03,5.67,5.75,5.67,5.75,3.9324410000000003,59700
27,2014-10-06,5.73,5.75,5.72,5.74,3.9256050000000005,22900
28,2014-10-07,5.75,5.75,5.69,5.69,3.8914089999999995,34300
29,2014-10-08,5.68,5.7,5.63,5.69,3.8914089999999995,122000
30,2014-10-09,5.68,5.7,5.67,5.67,3.877731,57200
31,2014-10-10,5.66,5.7,5.66,5.68,3.8845699999999996,69200
32,2014-10-13,5.71,5.71,5.68,5.71,3.9050870000000004,79400
33,2014-10-14,5.65,5.68,5.65,5.66,3.8961370000000004,59000
34,2014-10-15,5.66,5.7,5.62,5.7,3.9236730000000004,129100
35,2014-10-16,5.68,5.68,5.65,5.68,3.909905,45800
36,2014-10-17,5.67,5.68,5.66,5.67,3.903021,36400
37,2014-10-20,5.67,5.68,5.67,5.67,3.903021,39500
38,2014-10-21,5.69,5.7,5.67,5.67,3.903021,53400
39,2014-10-22,5.7,5.7,5.67,5.67,3.903021,41000
40,2014-10-23,5.67,5.72,5.67,5.72,3.937439,37000
41,2014-10-24,5.73,5.73,5.68,5.68,3.909905,53400
42,2014-10-27,5.66,5.73,5.66,5.7,3.9236730000000004,52800
43,2014-10-28,5.73,5.73,5.68,5.69,3.91679,40500
44,2014-10-29,5.7,5.72,5.66,5.71,3.9305550000000005,43300
45,2014-10-30,5.69,5.72,5.69,5.71,3.9305550000000005,27600
46,2014-10-31,5.73,5.74,5.71,5.73,3.944322,38300
47,2014-11-03,5.74,5.78,5.73,5.76,3.9649739999999998,55900
48,2014-11-04,5.77,5.77,5.74,5.75,3.9580919999999997,44500
49,2014-11-05,5.74,5.75,5.71,5.71,3.9305550000000005,62700
50,2014-11-06,5.71,5.72,5.68,5.68,3.909905,67800
51,2014-11-07,5.71,5.71,5.65,5.65,3.8892559999999996,51100
52,2014-11-10,5.67,5.68,5.65,5.65,3.8892559999999996,54200
53,2014-11-11,5.64,5.67,5.64,5.66,3.8961370000000004,57600
54,2014-11-12,5.69,5.69,5.65,5.65,3.8892559999999996,42300
55,2014-11-13,5.65,5.68,5.64,5.64,3.882371,70800
56,2014-11-14,5.59,5.65,5.59,5.64,3.882371,92700
57,2014-11-17,5.63,5.66,5.62,5.63,3.875487,75300
58,2014-11-18,5.61,5.62,5.6,5.61,3.887267,67400
59,2014-11-19,5.62,5.63,5.6,5.63,3.901125,51100
60,2014-11-20,5.63,5.66,5.61,5.64,3.9080529999999998,60600
61,2014-11-21,5.64,5.68,5.63,5.67,3.928842,66400
62,2014-11-24,5.67,5.71,5.66,5.7,3.9496290000000003,61000
63,2014-11-25,5.72,5.73,5.7,5.71,3.9565589999999995,64300
64,2014-11-26,5.73,5.77,5.71,5.77,3.998133,43900
65,2014-11-28,5.77,5.81,5.76,5.8,4.018922,51900
66,2014-12-01,5.79,5.81,5.72,5.74,3.977346,63300
67,2014-12-02,5.75,5.77,5.72,5.73,3.970418,56900
68,2014-12-03,5.72,5.78,5.72,5.74,3.977346,68700
69,2014-12-04,5.75,5.77,5.72,5.72,3.963487,54800
70,2014-12-05,5.72,5.74,5.68,5.68,3.935771,50500
71,2014-12-08,5.68,5.71,5.67,5.67,3.928842,93000
72,2014-12-09,5.65,5.68,5.63,5.66,3.9219129999999995,124400
73,2014-12-10,5.67,5.71,5.67,5.71,3.9565589999999995,53500
74,2014-12-11,5.71,5.72,5.69,5.7,3.9496290000000003,70800
75,2014-12-12,5.69,5.71,5.67,5.7,3.9496290000000003,84300
76,2014-12-15,5.75,5.75,5.65,5.68,3.935771,103700
77,2014-12-16,5.64,5.64,5.62,5.64,3.933678,66600
78,2014-12-17,5.61,5.68,5.61,5.65,3.9406550000000005,68400
79,2014-12-18,5.62,5.63,5.6,5.61,3.912755,70400
80,2014-12-19,5.61,5.66,5.6,5.66,3.947628,122200
81,2014-12-22,5.63,5.7,5.63,5.65,3.9406550000000005,131400
82,2014-12-23,5.64,5.74,5.64,5.74,4.003426,107200
83,2014-12-24,5.71,5.74,5.69,5.69,3.968551,50000
84,2014-12-26,5.72,5.77,5.68,5.68,3.9615769999999997,324300
85,2014-12-29,5.71,5.75,5.7,5.72,3.989475,63500
86,2014-12-30,5.72,5.75,5.7,5.73,3.99645,65500
87,2014-12-31,5.73,5.8,5.67,5.67,3.954603,88500
88,2015-01-02,5.69,5.75,5.69,5.75,4.010399,69700
89,2015-01-05,5.73,5.81,5.73,5.75,4.010399,140200
90,2015-01-06,5.79,5.81,5.78,5.78,4.031322,67000
91,2015-01-07,5.79,5.81,5.76,5.77,4.024349,56100
92,2015-01-08,5.77,5.84,5.76,5.84,4.073169999999999,71100
93,2015-01-09,5.82,5.82,5.78,5.8,4.045273,67600
94,2015-01-12,5.82,5.83,5.8,5.81,4.052247,80000
95,2015-01-13,5.79,5.84,5.79,5.79,4.063475,266400
96,2015-01-14,5.81,5.84,5.79,5.82,4.084529,200200
97,2015-01-15,5.82,5.9,5.82,5.86,4.112603,341600
98,2015-01-16,5.84,5.86,5.82,5.82,4.084529,70200
99,2015-01-20,5.83,5.9,5.83,5.85,4.105586,91500
100,2015-01-21,5.84,5.89,5.81,5.81,4.077511,167200
101,2015-01-22,5.82,5.89,5.82,5.83,4.091549,117400
102,2015-01-23,5.86,5.89,5.85,5.85,4.105586,138600
103,2015-01-26,5.85,5.88,5.83,5.87,4.1196209999999995,75600
104,2015-01-27,5.86,5.88,5.83,5.88,4.126639,82600
105,2015-01-28,5.88,5.91,5.83,5.89,4.133657,174000
106,2015-01-29,5.89,5.89,5.85,5.88,4.126639,76600
107,2015-01-30,5.87,5.89,5.86,5.88,4.126639,93000
108,2015-02-02,5.88,5.88,5.75,5.79,4.063475,124300
109,2015-02-03,5.8,5.85,5.78,5.84,4.098567,92700
110,2015-02-04,5.86,5.89,5.82,5.83,4.091549,129300
111,2015-02-05,5.85,5.86,5.73,5.73,4.021369,89600
112,2015-02-06,5.72,5.83,5.7,5.83,4.091549,96400
113,2015-02-09,5.81,5.81,5.76,5.76,4.042422,53500
114,2015-02-10,5.78,5.87,5.78,5.87,4.1196209999999995,45800
115,2015-02-11,5.86,5.86,5.81,5.84,4.098567,56100
116,2015-02-12,5.85,5.86,5.82,5.85,4.105586,101200
117,2015-02-13,5.84,5.86,5.82,5.86,4.112603,164800
118,2015-02-17,5.82,5.83,5.75,5.75,4.061044,59100
119,2015-02-18,5.78,5.8,5.77,5.78,4.082232,35600
120,2015-02-19,5.8,5.81,5.78,5.78,4.082232,45400
121,2015-02-20,5.8,5.8,5.74,5.8,4.096358,51200
122,2015-02-23,5.78,5.79,5.75,5.79,4.089295,66200
123,2015-02-24,5.79,5.81,5.76,5.76,4.0681080000000005,59300
124,2015-02-25,5.79,5.82,5.75,5.77,4.07517,57900
125,2015-02-26,5.8,5.82,5.78,5.82,4.110484,118400
126,2015-02-27,5.82,5.83,5.8,5.8,4.096358,69000
127,2015-03-02,5.83,5.83,5.8,5.82,4.110484,75200
128,2015-03-03,5.8,5.82,5.79,5.81,4.103421,25800
129,2015-03-04,5.81,5.82,5.78,5.78,4.082232,67400
130,2015-03-05,5.78,5.79,5.73,5.76,4.0681080000000005,83900
131,2015-03-06,5.74,5.74,5.67,5.68,4.011606,100900
132,2015-03-09,5.66,5.72,5.63,5.63,3.976294,151400
133,2015-03-10,5.62,5.67,5.62,5.63,3.976294,97000
134,2015-03-11,5.65,5.65,5.59,5.65,3.990419,74600
135,2015-03-12,5.65,5.68,5.58,5.64,3.9833550000000004,42500
136,2015-03-13,5.63,5.65,5.61,5.64,3.9833550000000004,47800
137,2015-03-16,5.63,5.64,5.57,5.58,3.9409769999999997,127200
138,2015-03-17,5.56,5.59,5.55,5.58,3.966568,60000
139,2015-03-18,5.58,5.61,5.5,5.61,3.9878949999999995,92900
140,2015-03-19,5.59,5.6,5.55,5.59,3.973678,49000
141,2015-03-20,5.59,5.62,5.59,5.61,3.9878949999999995,68800
142,2015-03-23,5.62,5.64,5.6,5.63,4.002113,140600
143,2015-03-24,5.63,5.66,5.62,5.66,4.023441,54300
144,2015-03-25,5.66,5.67,5.64,5.66,4.023441,94200
145,2015-03-26,5.65,5.67,5.64,5.64,4.009222,74400
146,2015-03-27,5.63,5.66,5.63,5.65,4.01633,70700
147,2015-03-30,5.65,5.66,5.58,5.59,3.973678,116400
148,2015-03-31,5.6,5.62,5.58,5.6,3.9807870000000003,84200
149,2015-04-01,5.63,5.64,5.61,5.64,4.009222,54400
150,2015-04-02,5.63,5.65,5.62,5.62,3.995004,51000
151,2015-04-06,5.62,5.64,5.61,5.63,4.002113,58900
152,2015-04-07,5.63,5.64,5.6,5.64,4.009222,58600
153,2015-04-08,5.63,5.63,5.58,5.61,3.9878949999999995,84500
154,2015-04-09,5.6,5.62,5.6,5.62,3.995004,76900
155,2015-04-10,5.62,5.62,5.58,5.58,3.966568,51700
156,2015-04-13,5.59,5.64,5.57,5.64,4.009222,96600
157,2015-04-14,5.62,5.63,5.6,5.6,4.006359,79500
158,2015-04-15,5.6,5.62,5.58,5.62,4.020668,81900
159,2015-04-16,5.62,5.63,5.59,5.6,4.006359,63900
160,2015-04-17,5.6,5.62,5.6,5.6,4.006359,46400
161,2015-04-20,5.6,5.61,5.59,5.61,4.013515,64700
162,2015-04-21,5.61,5.65,5.61,5.65,4.042132,56900
163,2015-04-22,5.65,5.67,5.62,5.67,4.056439,90000
164,2015-04-23,5.67,5.67,5.64,5.66,4.049286,75400
165,2015-04-24,5.65,5.68,5.65,5.67,4.056439,61200
166,2015-04-27,5.68,5.68,5.65,5.67,4.056439,46600
167,2015-04-28,5.67,5.67,5.65,5.66,4.049286,45300
168,2015-04-29,5.65,5.65,5.64,5.64,4.034976,65400
169,2015-04-30,5.65,5.65,5.62,5.63,4.027824,49400
170,2015-05-01,5.64,5.66,5.63,5.64,4.034976,59000
171,2015-05-04,5.64,5.66,5.63,5.64,4.034976,72000
172,2015-05-05,5.65,5.65,5.63,5.64,4.034976,28000
173,2015-05-06,5.64,5.67,5.61,5.63,4.027824,96400
174,2015-05-07,5.63,5.64,5.61,5.61,4.013515,48300
175,2015-05-08,5.61,5.64,5.61,5.62,4.020668,31000
176,2015-05-11,5.62,5.64,5.59,5.62,4.020668,59200
177,2015-05-12,5.58,5.6,5.57,5.6,4.032188,50400
178,2015-05-13,5.58,5.62,5.56,5.57,4.010587,73100
179,2015-05-14,5.6,5.61,5.57,5.59,4.024988,85800
180,2015-05-15,5.6,5.61,5.56,5.57,4.010587,476800
181,2015-05-18,5.57,5.59,5.56,5.58,4.017786,64700
182,2015-05-19,5.57,5.59,5.57,5.59,4.024988,50600
183,2015-05-20,5.57,5.63,5.57,5.63,4.053792,51300
184,2015-05-21,5.62,5.66,5.62,5.66,4.075391000000001,36000
185,2015-05-22,5.63,5.68,5.59,5.59,4.024988,36400
186,2015-05-26,5.6,5.61,5.53,5.57,4.010587,63900
187,2015-05-27,5.56,5.59,5.55,5.55,3.9961870000000004,46500
188,2015-05-28,5.55,5.59,5.55,5.59,4.024988,34000
189,2015-05-29,5.59,5.6,5.56,5.6,4.032188,49800
190,2015-06-01,5.59,5.61,5.58,5.59,4.024988,49700
191,2015-06-02,5.6,5.6,5.56,5.57,4.010587,32700
192,2015-06-03,5.58,5.58,5.55,5.55,3.9961870000000004,59900
193,2015-06-04,5.55,5.57,5.54,5.56,4.003388,44000
194,2015-06-05,5.55,5.55,5.5,5.5,3.960185,37200
195,2015-06-08,5.49,5.51,5.48,5.5,3.960185,53500
196,2015-06-09,5.51,5.51,5.42,5.49,3.952983,66400
197,2015-06-10,5.5,5.5,5.47,5.5,3.960185,61400
198,2015-06-11,5.5,5.52,5.48,5.48,3.945786,47000
199,2015-06-12,5.48,5.5,5.44,5.46,3.9313849999999997,44600
200,2015-06-15,5.46,5.47,5.45,5.47,3.9385830000000004,58900
201,2015-06-16,5.45,5.45,5.42,5.43,3.935685,65900
202,2015-06-17,5.43,5.45,5.43,5.43,3.935685,54400
203,2015-06-18,5.43,5.45,5.4,5.41,3.921189,66400
204,2015-06-19,5.4,5.45,5.4,5.45,3.9501809999999997,69900
205,2015-06-22,5.45,5.46,5.42,5.43,3.935685,45700
206,2015-06-23,5.43,5.46,5.42,5.46,3.9574290000000003,53900
207,2015-06-24,5.47,5.48,5.43,5.43,3.935685,50800
208,2015-06-25,5.44,5.47,5.39,5.39,3.906693,50600
209,2015-06-26,5.4,5.4,5.22,5.22,3.7834769999999995,115400
210,2015-06-29,5.26,5.33,5.23,5.25,3.805221,80400
211,2015-06-30,5.29,5.4,5.23,5.4,3.9139410000000003,81200
212,2015-07-01,5.4,5.45,5.37,5.45,3.9501809999999997,35900
213,2015-07-02,5.44,5.46,5.43,5.45,3.9501809999999997,35500
214,2015-07-06,5.45,5.47,5.41,5.41,3.921189,36300
215,2015-07-07,5.43,5.43,5.39,5.39,3.906693,40700
216,2015-07-08,5.38,5.44,5.38,5.4,3.9139410000000003,78400
217,2015-07-09,5.4,5.41,5.35,5.35,3.8777,56400
218,2015-07-10,5.35,5.39,5.33,5.35,3.8777,51600
219,2015-07-13,5.36,5.37,5.33,5.33,3.863204,40100
220,2015-07-14,5.27,5.3,5.27,5.27,3.844965,89200
221,2015-07-15,5.29,5.35,5.28,5.31,3.8741489999999996,86600
222,2015-07-16,5.31,5.34,5.3,5.32,3.881444,66700
223,2015-07-17,5.32,5.34,5.29,5.34,3.896036,55200
224,2015-07-20,5.34,5.36,5.32,5.36,3.9106300000000003,66300
225,2015-07-21,5.34,5.36,5.34,5.36,3.9106300000000003,70800
226,2015-07-22,5.36,5.39,5.34,5.36,3.9106300000000003,69700
227,2015-07-23,5.34,5.38,5.34,5.38,3.925221,35000
228,2015-07-24,5.37,5.37,5.28,5.28,3.852261,53900
229,2015-07-27,5.28,5.3,5.28,5.29,3.859557,64200
230,2015-07-28,5.3,5.31,5.25,5.25,3.830372,41900
231,2015-07-29,5.26,5.29,5.25,5.27,3.844965,81200
232,2015-07-30,5.29,5.35,5.28,5.3,3.866854,70000
233,2015-07-31,5.33,5.34,5.27,5.32,3.881444,168800
234,2015-08-03,5.33,5.35,5.29,5.29,3.859557,63900
235,2015-08-04,5.3,5.32,5.29,5.32,3.881444,40900
236,2015-08-05,5.33,5.33,5.28,5.31,3.8741489999999996,39800
237,2015-08-06,5.29,5.33,5.29,5.33,3.8887410000000004,32900
238,2015-08-07,5.3,5.36,5.3,5.36,3.9106300000000003,57200
239,2015-08-10,5.33,5.35,5.32,5.33,3.8887410000000004,36600
240,2015-08-11,5.33,5.37,5.33,5.37,3.917926,36300
241,2015-08-12,5.36,5.36,5.33,5.34,3.896036,56000
242,2015-08-13,5.33,5.38,5.32,5.32,3.881444,72300
243,2015-08-14,5.32,5.33,5.31,5.31,3.8741489999999996,35300
244,2015-08-17,5.31,5.33,5.3,5.3,3.866854,55900
245,2015-08-18,5.29,5.31,5.26,5.3,3.89256,52500
246,2015-08-19,5.3,5.31,5.28,5.31,3.8999029999999997,62200
247,2015-08-20,5.3,5.32,5.29,5.29,3.885213,29000
248,2015-08-21,5.29,5.32,5.26,5.26,3.8631800000000003,38800
249,2015-08-24,5.29,5.32,5.21,5.21,3.826458,54100
250,2015-08-25,5.23,5.26,5.2,5.21,3.826458,98600
251,2015-08-26,5.21,5.23,5.2,5.21,3.826458,68800
252,2015-08-27,5.21,5.24,5.2,5.22,3.8338019999999995,59700
253,2015-08-28,5.22,5.25,5.22,5.24,3.848492,54100
254,2015-08-31,5.26,5.27,5.23,5.23,3.8411470000000003,76500
255,2015-09-01,5.25,5.3,5.22,5.3,3.89256,111900
256,2015-09-02,5.3,5.31,5.27,5.28,3.8778690000000005,45700
257,2015-09-03,5.29,5.35,5.29,5.35,3.929279,52500
258,2015-09-04,5.3,5.35,5.3,5.33,3.914592,86600
259,2015-09-08,5.32,5.33,5.27,5.27,3.8705260000000004,76100
260,2015-09-09,5.28,5.31,5.25,5.25,3.855838,46300
261,2015-09-10,5.26,5.29,5.25,5.28,3.8778690000000005,37100
262,2015-09-11,5.28,5.29,5.27,5.28,3.8778690000000005,36000
263,2015-09-14,5.28,5.3,5.25,5.25,3.855838,58400
264,2015-09-15,5.22,5.22,5.17,5.17,3.822565,52800
265,2015-09-16,5.18,5.19,5.16,5.16,3.815171,75700
266,2015-09-17,5.16,5.23,5.16,5.23,3.8669269999999996,23100
267,2015-09-18,5.22,5.27,5.2,5.27,3.8965019999999995,49100
268,2015-09-21,5.27,5.29,5.22,5.29,3.91129,45400
269,2015-09-22,5.29,5.31,5.26,5.3,3.918684,69200
270,2015-09-23,5.28,5.32,5.28,5.31,3.926076,19800
271,2015-09-24,5.31,5.35,5.31,5.32,3.93347,50100
272,2015-09-25,5.33,5.36,5.33,5.36,3.963046,61500
273,2015-09-28,5.37,5.38,5.35,5.38,3.9778339999999996,38600
274,2015-09-29,5.36,5.44,5.36,5.43,4.0148019999999995,66900
275,2015-09-30,5.43,5.44,5.3,5.37,3.970439,253200
276,2015-10-01,5.36,5.38,5.31,5.33,3.940864,50100
277,2015-10-02,5.35,5.37,5.34,5.37,3.970439,50900
278,2015-10-05,5.37,5.37,5.25,5.29,3.91129,66400
279,2015-10-06,5.29,5.31,5.27,5.31,3.926076,55400
280,2015-10-07,5.3,5.31,5.26,5.26,3.889107,70700
281,2015-10-08,5.26,5.3,5.26,5.29,3.91129,52800
282,2015-10-09,5.29,5.29,5.27,5.28,3.903894,49500
283,2015-10-12,5.27,5.29,5.27,5.27,3.8965019999999995,40100
284,2015-10-13,5.26,5.26,5.23,5.23,3.89278,52700
285,2015-10-14,5.24,5.25,5.23,5.23,3.89278,57000
286,2015-10-15,5.23,5.3,5.23,5.28,3.929995,85000
287,2015-10-16,5.28,5.29,5.26,5.29,3.93744,40700
288,2015-10-19,5.3,5.3,5.28,5.3,3.9448839999999996,33800
289,2015-10-20,5.3,5.34,5.3,5.34,3.974656,49500
290,2015-10-21,5.34,5.35,5.32,5.35,3.982098,59500
291,2015-10-22,5.35,5.37,5.33,5.37,3.996985,53000
292,2015-10-23,5.37,5.37,5.35,5.35,3.982098,29200
293,2015-10-26,5.38,5.38,5.31,5.35,3.982098,99900
294,2015-10-27,5.35,5.37,5.33,5.35,3.982098,52100
295,2015-10-28,5.34,5.37,5.34,5.37,3.996985,41300
296,2015-10-29,5.35,5.37,5.35,5.37,3.996985,46600
297,2015-10-30,5.38,5.39,5.36,5.39,4.01187,34300
298,2015-11-02,5.4,5.42,5.37,5.42,4.034201,62900
299,2015-11-03,5.42,5.42,5.35,5.4,4.019316000000001,44200
300,2015-11-04,5.37,5.39,5.35,5.35,3.982098,65700
301,2015-11-05,5.35,5.37,5.35,5.36,3.9895410000000004,52400
302,2015-11-06,5.32,5.33,5.3,5.3,3.9448839999999996,69100
303,2015-11-09,5.32,5.32,5.27,5.29,3.93744,56400
304,2015-11-10,5.27,5.29,5.26,5.27,3.922554,53500
305,2015-11-11,5.26,5.27,5.23,5.23,3.89278,40600
306,2015-11-12,5.22,5.26,5.22,5.25,3.907667,58100
307,2015-11-13,5.23,5.28,5.23,5.28,3.929995,49900
308,2015-11-16,5.28,5.32,5.28,5.3,3.9448839999999996,39700
309,2015-11-17,5.28,5.31,5.26,5.27,3.94863,55400
310,2015-11-18,5.28,5.28,5.27,5.27,3.94863,30500
311,2015-11-19,5.27,5.3,5.27,5.3,3.971108,53300
312,2015-11-20,5.27,5.29,5.27,5.29,3.9636150000000003,61300
313,2015-11-23,5.28,5.34,5.28,5.32,3.9860919999999997,33000
314,2015-11-24,5.32,5.33,5.29,5.3,3.971108,60900
315,2015-11-25,5.29,5.3,5.25,5.25,3.933645,48100
316,2015-11-27,5.28,5.28,5.25,5.25,3.933645,22900
317,2015-11-30,5.28,5.28,5.23,5.26,3.941136,77900
318,2015-12-01,5.26,5.32,5.23,5.32,3.9860919999999997,73800
319,2015-12-02,5.32,5.33,5.28,5.32,3.9860919999999997,76300
320,2015-12-03,5.32,5.32,5.2,5.21,3.9036739999999996,108600
321,2015-12-04,5.2,5.23,5.2,5.21,3.9036739999999996,71500
322,2015-12-07,5.24,5.24,5.04,5.17,3.8737019999999998,120200
323,2015-12-08,5.2,5.22,5.17,5.19,3.8886870000000004,101300
324,2015-12-09,5.2,5.23,5.18,5.22,3.911165,72300
325,2015-12-10,5.21,5.24,5.2,5.24,3.9261519999999996,104200
326,2015-12-11,5.24,5.26,5.21,5.24,3.9261519999999996,120800
327,2015-12-14,5.24,5.24,5.22,5.22,3.911165,64900
328,2015-12-15,5.18,5.19,5.15,5.18,3.9066410000000005,109000
329,2015-12-16,5.19,5.25,5.14,5.25,3.9594339999999995,140500
330,2015-12-17,5.25,5.34,5.23,5.34,4.02731,102700
331,2015-12-18,5.33,5.35,5.29,5.35,4.034851000000001,106400
332,2015-12-21,5.35,5.35,5.29,5.34,4.02731,41300
333,2015-12-22,5.34,5.35,5.32,5.35,4.034851000000001,53000
334,2015-12-23,5.3,5.38,5.3,5.38,4.057476,128400
335,2015-12-24,5.37,5.38,5.34,5.36,4.0423919999999995,30700
336,2015-12-28,5.36,5.36,5.26,5.31,4.004683999999999,51000
337,2015-12-29,5.31,5.32,5.28,5.3,3.997143,38000
338,2015-12-30,5.28,5.29,5.24,5.29,3.9896,86600
339,2015-12-31,5.27,5.31,5.27,5.3,3.997143,67200
340,2016-01-04,5.26,5.32,5.26,5.31,4.004683999999999,104300
341,2016-01-05,5.33,5.34,5.31,5.33,4.019766000000001,26700
342,2016-01-06,5.33,5.37,5.31,5.33,4.019766000000001,80100
343,2016-01-07,5.33,5.35,5.3,5.3,3.997143,85300
344,2016-01-08,5.33,5.37,5.31,5.32,4.012226,73500
345,2016-01-11,5.33,5.36,5.32,5.36,4.0423919999999995,88100
346,2016-01-12,5.36,5.38,5.35,5.37,4.049935,39100
347,2016-01-13,5.34,5.37,5.34,5.37,4.049935,48500
348,2016-01-14,5.34,5.37,5.33,5.36,4.0423919999999995,62100
349,2016-01-15,5.32,5.38,5.32,5.33,4.019766000000001,42200
350,2016-01-19,5.31,5.32,5.29,5.3,4.022805,93700
351,2016-01-20,5.26,5.32,5.26,5.32,4.0379830000000005,116300
352,2016-01-21,5.33,5.38,5.33,5.38,4.083524,91700
353,2016-01-22,5.38,5.38,5.28,5.34,4.053165,103100
354,2016-01-25,5.32,5.36,5.28,5.29,4.015213,96500
355,2016-01-26,5.26,5.35,5.26,5.35,4.060754,93500
356,2016-01-27,5.35,5.39,5.34,5.36,4.068343,102000
357,2016-01-28,5.35,5.4,5.35,5.38,4.083524,72800
358,2016-01-29,5.39,5.43,5.37,5.4,4.098706,137400
359,2016-02-01,5.41,5.46,5.37,5.46,4.144246,139200
360,2016-02-02,5.39,5.47,5.39,5.47,4.151835,89400
361,2016-02-03,5.47,5.47,5.42,5.45,4.136657,38100
362,2016-02-04,5.44,5.5,5.41,5.46,4.144246,49600
363,2016-02-05,5.46,5.48,5.4,5.47,4.151835,78700
364,2016-02-08,5.47,5.52,5.36,5.37,4.075934999999999,64600
365,2016-02-09,5.37,5.43,5.36,5.41,4.1062959999999995,58700
366,2016-02-10,5.42,5.43,5.39,5.43,4.121477,47200
367,2016-02-11,5.42,5.47,5.41,5.42,4.113886,59800
368,2016-02-12,5.45,5.5,5.38,5.47,4.151835,150900
369,2016-02-16,5.46,5.46,5.37,5.38,4.109067,54400
370,2016-02-17,5.41,5.42,5.32,5.4,4.1243419999999995,121300
371,2016-02-18,5.38,5.42,5.36,5.4,4.1243419999999995,34000
372,2016-02-19,5.38,5.46,5.38,5.4,4.1243419999999995,79200
373,2016-02-22,5.44,5.45,5.4,5.42,4.139616,61200
374,2016-02-23,5.4,5.45,5.32,5.35,4.086151,125500
375,2016-02-24,5.33,5.44,5.33,5.4,4.1243419999999995,59900
376,2016-02-25,5.4,5.44,5.4,5.44,4.154892,43100
377,2016-02-26,5.43,5.44,5.39,5.4,4.1243419999999995,58900
378,2016-02-29,5.42,5.46,5.36,5.4,4.1243419999999995,83800
379,2016-03-01,5.42,5.44,5.37,5.37,4.101429,82200
380,2016-03-02,5.4,5.4,5.38,5.39,4.116704,36400
381,2016-03-03,5.39,5.4,5.37,5.38,4.109067,52300
382,2016-03-04,5.39,5.41,5.38,5.4,4.1243419999999995,33400
383,2016-03-07,5.41,5.45,5.4,5.4,4.1243419999999995,85000
384,2016-03-08,5.41,5.46,5.4,5.42,4.139616,98200
385,2016-03-09,5.4,5.47,5.4,5.41,4.131979,117400
386,2016-03-10,5.43,5.46,5.39,5.43,4.147254,179800
387,2016-03-11,5.42,5.46,5.36,5.37,4.101429,133700
388,2016-03-14,5.38,5.39,5.36,5.36,4.093791,33000
389,2016-03-15,5.35,5.41,5.35,5.39,4.142983999999999,73200
390,2016-03-16,5.39,5.41,5.38,5.41,4.158357,47100
391,2016-03-17,5.4,5.42,5.39,5.39,4.142983999999999,40400
392,2016-03-18,5.41,5.43,5.37,5.39,4.142983999999999,106400
393,2016-03-21,5.39,5.42,5.36,5.38,4.1352970000000004,87100
394,2016-03-22,5.38,5.42,5.36,5.42,4.166042,58900
395,2016-03-23,5.4,5.46,5.38,5.44,4.1814160000000005,49900
396,2016-03-24,5.41,5.46,5.4,5.46,4.196789,114100
397,2016-03-28,5.46,5.47,5.4,5.4,4.150671,59200
398,2016-03-29,5.39,5.41,5.38,5.38,4.1352970000000004,42300
399,2016-03-30,5.38,5.41,5.38,5.4,4.150671,42000
400,2016-03-31,5.4,5.5,5.39,5.5,4.2275339999999995,41300
401,2016-04-01,5.47,5.5,5.43,5.44,4.1814160000000005,77700
402,2016-04-04,5.44,5.46,5.44,5.45,4.189103,38100
403,2016-04-05,5.43,5.49,5.43,5.48,4.212162,45800
404,2016-04-06,5.45,5.5,5.44,5.46,4.196789,48200
405,2016-04-07,5.44,5.46,5.41,5.41,4.158357,30300
406,2016-04-08,5.41,5.41,5.36,5.38,4.1352970000000004,68500
407,2016-04-11,5.38,5.4,5.38,5.39,4.142983999999999,61400
408,2016-04-12,5.39,5.4,5.38,5.38,4.1352970000000004,62700
409,2016-04-13,5.38,5.4,5.37,5.39,4.142983999999999,58700
410,2016-04-14,5.39,5.41,5.38,5.38,4.1352970000000004,53000
411,2016-04-15,5.38,5.4,5.38,5.39,4.142983999999999,43100
412,2016-04-18,5.39,5.41,5.39,5.41,4.158357,50500
413,2016-04-19,5.37,5.39,5.36,5.39,4.169186,40700
414,2016-04-20,5.37,5.38,5.36,5.38,4.161449,46800
415,2016-04-21,5.38,5.4,5.37,5.4,4.176921,56000
416,2016-04-22,5.41,5.43,5.37,5.37,4.153715,93400
417,2016-04-25,5.37,5.38,5.32,5.32,4.1150400000000005,140600
418,2016-04-26,5.38,5.38,5.33,5.33,4.122774,79200
419,2016-04-27,5.33,5.36,5.32,5.33,4.122774,137500
420,2016-04-28,5.33,5.35,5.31,5.32,4.1150400000000005,77000
421,2016-04-29,5.36,5.36,5.3,5.3,4.099572,67500
422,2016-05-02,5.32,5.32,5.29,5.3,4.099572,79300
423,2016-05-03,5.31,5.33,5.28,5.28,4.084099,65700
424,2016-05-04,5.28,5.31,5.28,5.29,4.0918339999999995,56100
425,2016-05-05,5.29,5.31,5.28,5.29,4.0918339999999995,70600
426,2016-05-06,5.27,5.3,5.27,5.28,4.084099,87100
427,2016-05-09,5.28,5.31,5.28,5.28,4.084099,48300
428,2016-05-10,5.29,5.31,5.28,5.28,4.084099,40100
429,2016-05-11,5.27,5.35,5.27,5.34,4.130511,88200
430,2016-05-12,5.32,5.35,5.31,5.33,4.122774,80000
431,2016-05-13,5.32,5.36,5.31,5.36,4.145980000000001,57800
432,2016-05-16,5.35,5.38,5.33,5.37,4.153715,59100
433,2016-05-17,5.35,5.36,5.3,5.35,4.164612,105700
434,2016-05-18,5.35,5.36,5.31,5.31,4.133475,40800
435,2016-05-19,5.34,5.34,5.29,5.32,4.141261,27300
436,2016-05-20,5.32,5.32,5.23,5.32,4.141261,56700
437,2016-05-23,5.3,5.33,5.3,5.33,4.149043,36300
438,2016-05-24,5.32,5.35,5.32,5.35,4.164612,67400
439,2016-05-25,5.35,5.35,5.34,5.34,4.15683,32900
440,2016-05-26,5.33,5.33,5.3,5.31,4.133475,31100
441,2016-05-27,5.33,5.33,5.26,5.27,4.102339,55600
442,2016-05-31,5.3,5.31,5.27,5.27,4.102339,62000
443,2016-06-01,5.28,5.35,5.27,5.29,4.117907,62400
444,2016-06-02,5.28,5.32,5.28,5.32,4.141261,32600
445,2016-06-03,5.32,5.36,5.32,5.36,4.172398,30200
446,2016-06-06,5.36,5.38,5.35,5.36,4.172398,36600
447,2016-06-07,5.36,5.39,5.32,5.39,4.195752,59900
448,2016-06-08,5.39,5.39,5.36,5.39,4.195752,69500
449,2016-06-09,5.36,5.4,5.36,5.37,4.180182,46800
450,2016-06-10,5.38,5.4,5.38,5.39,4.195752,41300
451,2016-06-13,5.4,5.4,5.38,5.38,4.187966,34500
452,2016-06-14,5.37,5.38,5.36,5.37,4.206767,20800
453,2016-06-15,5.37,5.37,5.35,5.36,4.1989339999999995,35200
454,2016-06-16,5.37,5.37,5.34,5.35,4.191098,64000
455,2016-06-17,5.36,5.37,5.34,5.35,4.191098,36500
456,2016-06-20,5.35,5.36,5.3,5.34,4.183268,75300
457,2016-06-21,5.34,5.36,5.33,5.35,4.191098,34000
458,2016-06-22,5.36,5.36,5.32,5.32,4.167599,30100
459,2016-06-23,5.32,5.33,5.31,5.33,4.175431,86800
460,2016-06-24,5.23,5.35,5.23,5.34,4.183268,92600
461,2016-06-27,5.36,5.37,5.34,5.37,4.206767,40000
462,2016-06-28,5.39,5.4,5.37,5.4,4.23027,85200
463,2016-06-29,5.39,5.43,5.39,5.42,4.245936,72300
464,2016-06-30,5.42,5.42,5.37,5.41,4.238103,108200
465,2016-07-01,5.39,5.44,5.39,5.44,4.261604,81800
466,2016-07-05,5.45,5.45,5.39,5.42,4.245936,61200
467,2016-07-06,5.42,5.44,5.41,5.44,4.261604,41100
468,2016-07-07,5.43,5.44,5.4,5.4,4.23027,66500
469,2016-07-08,5.4,5.43,5.4,5.43,4.2537709999999995,94000
470,2016-07-11,5.42,5.44,5.36,5.39,4.222436,71100
471,2016-07-12,5.38,5.4,5.36,5.39,4.222436,84600
472,2016-07-13,5.4,5.4,5.33,5.38,4.214601,154900
473,2016-07-14,5.36,5.37,5.31,5.32,4.167599,96900
474,2016-07-15,5.35,5.36,5.31,5.35,4.191098,126100
475,2016-07-18,5.33,5.34,5.31,5.32,4.167599,80700
476,2016-07-19,5.31,5.33,5.28,5.32,4.194405000000001,40700
477,2016-07-20,5.31,5.35,5.3,5.35,4.218056,73400
478,2016-07-21,5.35,5.35,5.32,5.35,4.218056,65900
479,2016-07-22,5.35,5.35,5.34,5.35,4.218056,29900
480,2016-07-25,5.35,5.37,5.34,5.37,4.2338260000000005,70200
481,2016-07-26,5.39,5.41,5.34,5.38,4.241709999999999,62800
482,2016-07-27,5.39,5.4,5.37,5.4,4.25748,41200
483,2016-07-28,5.4,5.43,5.4,5.43,4.281132,65400
484,2016-07-29,5.43,5.45,5.4,5.4,4.25748,92600
485,2016-08-01,5.42,5.45,5.35,5.45,4.296901,55300
486,2016-08-02,5.43,5.43,5.37,5.41,4.2653620000000005,79100
487,2016-08-03,5.41,5.44,5.4,5.43,4.281132,45400
488,2016-08-04,5.44,5.46,5.44,5.45,4.296901,20000
489,2016-08-05,5.45,5.46,5.45,5.45,4.296901,48500
490,2016-08-08,5.46,5.47,5.41,5.44,4.289016,67400
491,2016-08-09,5.45,5.45,5.4,5.4,4.25748,58600
492,2016-08-10,5.4,5.42,5.4,5.41,4.2653620000000005,44200
493,2016-08-11,5.42,5.44,5.41,5.42,4.273246,71900
494,2016-08-12,5.43,5.45,5.42,5.45,4.296901,46000
495,2016-08-15,5.46,5.46,5.42,5.43,4.281132,41700
496,2016-08-16,5.43,5.43,5.4,5.43,4.308105,27000
497,2016-08-17,5.44,5.44,5.4,5.42,4.300171,28100
498,2016-08-18,5.43,5.45,5.43,5.45,4.323975,25700
499,2016-08-19,5.44,5.44,5.4,5.43,4.308105,35300
500,2016-08-22,5.43,5.43,5.38,5.38,4.2684370000000005,39900
501,2016-08-23,5.41,5.42,5.39,5.39,4.276371,56200
502,2016-08-24,5.43,5.46,5.42,5.45,4.323975,50600
503,2016-08-25,5.45,5.46,5.41,5.43,4.308105,47500
504,2016-08-26,5.43,5.51,5.42,5.43,4.308105,58000
505,2016-08-29,5.44,5.45,5.4,5.4,4.284306,49000
506,2016-08-30,5.4,5.43,5.4,5.42,4.300171,38200
507,2016-08-31,5.44,5.44,5.41,5.44,4.316041,67600
508,2016-09-01,5.44,5.44,5.38,5.43,4.308105,97700
509,2016-09-02,5.43,5.44,5.36,5.42,4.300171,76800
510,2016-09-06,5.41,5.44,5.41,5.44,4.316041,43100
511,2016-09-07,5.41,5.45,5.41,5.45,4.323975,37100
512,2016-09-08,5.44,5.44,5.41,5.42,4.300171,42300
513,2016-09-09,5.42,5.42,5.36,5.36,4.2525699999999995,21000
514,2016-09-12,5.4,5.4,5.31,5.35,4.244634,53700
515,2016-09-13,5.35,5.36,5.31,5.31,4.212899,42600
516,2016-09-14,5.32,5.35,5.3,5.32,4.220834,43900
517,2016-09-15,5.32,5.36,5.3,5.32,4.220834,51800
518,2016-09-16,5.32,5.38,5.32,5.37,4.260504,58800
519,2016-09-19,5.37,5.38,5.35,5.35,4.244634,40100
520,2016-09-20,5.35,5.35,5.32,5.33,4.255813,29800
521,2016-09-21,5.33,5.35,5.33,5.34,4.263799,33600
522,2016-09-22,5.37,5.37,5.35,5.37,4.2877529999999995,74400
523,2016-09-23,5.36,5.37,5.32,5.33,4.255813,35200
524,2016-09-26,5.34,5.37,5.34,5.37,4.2877529999999995,33300
525,2016-09-27,5.42,5.42,5.36,5.36,4.279767,82800
526,2016-09-28,5.38,5.41,5.36,5.38,4.295738,37800
527,2016-09-29,5.38,5.39,5.34,5.38,4.295738,48300
528,2016-09-30,5.39,5.4,5.36,5.4,4.311707,46200
529,2016-10-03,5.4,5.4,5.36,5.4,4.311707,61700
530,2016-10-04,5.38,5.38,5.31,5.31,4.239844000000001,58900
531,2016-10-05,5.29,5.31,5.24,5.26,4.199921,94300
532,2016-10-06,5.24,5.27,5.24,5.25,4.1919379999999995,64400
533,2016-10-07,5.26,5.28,5.21,5.21,4.159999,66600
534,2016-10-10,5.22,5.26,5.22,5.26,4.199921,37700
535,2016-10-11,5.25,5.28,5.23,5.26,4.199921,49100
536,2016-10-12,5.26,5.27,5.24,5.26,4.199921,69900
537,2016-10-13,5.23,5.26,5.23,5.23,4.175967,50400
538,2016-10-14,5.25,5.25,5.2,5.2,4.152013,38500
539,2016-10-17,5.23,5.23,5.19,5.21,4.159999,65500
540,2016-10-18,5.18,5.2,5.14,5.18,4.163214,127300
541,2016-10-19,5.19,5.23,5.16,5.2,4.179288,249300
542,2016-10-20,5.2,5.21,5.19,5.19,4.171251,128300
543,2016-10-21,5.2,5.23,5.19,5.22,4.195361,52100
544,2016-10-24,5.23,5.24,5.21,5.24,4.211436,64700
545,2016-10-25,5.24,5.25,5.22,5.24,4.211436,58500
546,2016-10-26,5.25,5.28,5.25,5.25,4.219473000000001,28000
547,2016-10-27,5.23,5.24,5.16,5.18,4.163214,79400
548,2016-10-28,5.16,5.22,5.16,5.22,4.195361,40300
549,2016-10-31,5.24,5.24,5.18,5.21,4.187325,41600
550,2016-11-01,5.24,5.3,5.21,5.24,4.211436,93700
551,2016-11-02,5.25,5.28,5.22,5.24,4.211436,39800
552,2016-11-03,5.22,5.24,5.18,5.18,4.163214,44300
553,2016-11-04,5.18,5.21,5.18,5.2,4.179288,53400
554,2016-11-07,5.2,5.22,5.16,5.17,4.155175,73500
555,2016-11-08,5.15,5.27,5.15,5.26,4.22751,80100
556,2016-11-09,5.24,5.24,5.16,5.17,4.155175,61400
557,2016-11-10,5.16,5.16,5.05,5.07,4.0748050000000005,140600
558,2016-11-11,5.07,5.15,5.05,5.11,4.106954,120600
559,2016-11-14,5.08,5.08,5.0,5.04,4.050694,101100
560,2016-11-15,5.03,5.05,4.98,4.99,4.037749,75500
561,2016-11-16,5.02,5.1,5.02,5.07,4.102481,61200
562,2016-11-17,5.08,5.18,5.03,5.14,4.159122,118300
563,2016-11-18,5.17,5.17,5.06,5.11,4.134848000000001,93100
564,2016-11-21,5.14,5.14,5.1,5.14,4.159122,36400
565,2016-11-22,5.1,5.17,5.1,5.17,4.183398,90300
566,2016-11-23,5.16,5.16,5.05,5.09,4.118665,71800
567,2016-11-25,5.07,5.16,5.07,5.12,4.142939,37300
568,2016-11-28,5.11,5.13,5.05,5.08,4.110574,41200
569,2016-11-29,5.07,5.08,5.06,5.06,4.0943879999999995,49900
570,2016-11-30,5.05,5.07,5.04,5.06,4.0943879999999995,47500
571,2016-12-01,5.07,5.11,5.04,5.11,4.134848000000001,38700
572,2016-12-02,5.08,5.11,5.05,5.06,4.0943879999999995,71300
573,2016-12-05,5.05,5.05,5.0,5.03,4.070113,96800
574,2016-12-06,5.01,5.05,5.01,5.02,4.062021,149300
575,2016-12-07,5.01,5.06,5.0,5.03,4.070113,196500
576,2016-12-08,5.02,5.03,5.01,5.02,4.062021,160000
577,2016-12-09,5.02,5.04,5.0,5.0,4.045839,119700
578,2016-12-12,5.01,5.02,4.99,5.02,4.062021,103700
579,2016-12-13,5.01,5.03,5.0,5.02,4.062021,139900
580,2016-12-14,5.0,5.03,5.0,5.02,4.062021,220600
581,2016-12-15,5.02,5.02,4.99,5.01,4.053932,92600
582,2016-12-16,4.99,5.04,4.99,5.04,4.078206,64600
583,2016-12-19,5.04,5.04,4.99,5.01,4.053932,67400
584,2016-12-20,4.97,4.99,4.94,4.94,4.0237940000000005,92900
585,2016-12-21,4.94,4.97,4.92,4.94,4.0237940000000005,194300
586,2016-12-22,4.94,4.96,4.92,4.94,4.0237940000000005,322700
587,2016-12-23,4.96,4.98,4.93,4.96,4.040082,223200
588,2016-12-27,4.97,4.98,4.95,4.97,4.048229,191800
589,2016-12-28,4.98,4.99,4.97,4.99,4.06452,62900
590,2016-12-29,4.99,5.0,4.95,4.98,4.056375,525800
591,2016-12-30,5.0,5.04,4.98,5.04,4.105247,369900
592,2017-01-03,5.02,5.03,4.97,5.0,4.072665,116200
593,2017-01-04,5.02,5.03,4.99,5.0,4.072665,169600
594,2017-01-05,5.0,5.02,4.99,5.0,4.072665,61300
595,2017-01-06,5.02,5.03,5.0,5.03,4.097101,32500
596,2017-01-09,5.03,5.04,5.01,5.01,4.080812,195100
597,2017-01-10,5.0,5.01,4.99,4.99,4.06452,117900
598,2017-01-11,4.99,5.03,4.99,5.02,4.088954,51200
599,2017-01-12,5.03,5.05,5.02,5.04,4.105247,61800
600,2017-01-13,5.02,5.05,5.01,5.05,4.113392,45200
601,2017-01-17,5.02,5.02,5.0,5.0,4.098637,62800
602,2017-01-18,5.0,5.02,4.97,5.01,4.106833,79600
603,2017-01-19,4.98,5.01,4.98,5.01,4.106833,54100
604,2017-01-20,4.99,5.0,4.99,5.0,4.098637,37100
605,2017-01-23,5.02,5.02,4.99,5.02,4.115031,35900
606,2017-01-24,5.01,5.01,4.99,5.0,4.098637,32000
607,2017-01-25,5.0,5.01,4.99,5.01,4.106833,69700
608,2017-01-26,4.98,5.03,4.98,5.01,4.106833,84800
609,2017-01-27,4.99,5.0,4.99,4.99,4.090439,79800
610,2017-01-30,4.98,5.0,4.98,4.99,4.090439,86800
611,2017-01-31,4.98,5.0,4.98,4.99,4.090439,79300
612,2017-02-01,4.99,5.03,4.97,5.01,4.106833,100000
613,2017-02-02,5.01,5.01,4.98,5.0,4.098637,120500
614,2017-02-03,5.01,5.02,4.99,5.01,4.106833,75200
615,2017-02-06,5.0,5.01,4.98,4.99,4.090439,78100
616,2017-02-07,5.0,5.03,4.99,5.0,4.098637,78900
617,2017-02-08,5.01,5.03,5.01,5.01,4.106833,42400
618,2017-02-09,5.01,5.05,5.0,5.05,4.1396239999999995,54200
619,2017-02-10,5.03,5.04,5.0,5.03,4.12323,71700
620,2017-02-13,5.03,5.05,5.03,5.05,4.1396239999999995,50600
621,2017-02-14,5.01,5.02,5.0,5.01,4.133022,68700
622,2017-02-15,5.0,5.05,5.0,5.0,4.1247739999999995,52700
623,2017-02-16,5.02,5.03,5.02,5.02,4.141273,34300
624,2017-02-17,5.01,5.02,4.99,4.99,4.116524,28200
625,2017-02-21,4.99,5.03,4.98,5.03,4.149523,21900
626,2017-02-22,5.02,5.03,5.01,5.01,4.133022,27600
627,2017-02-23,5.02,5.08,5.02,5.08,4.190771,39900
628,2017-02-24,5.07,5.1,5.05,5.06,4.174271,93700
629,2017-02-27,5.07,5.07,5.04,5.06,4.174271,61800
630,2017-02-28,5.06,5.1,5.04,5.09,4.199018,44300
631,2017-03-01,5.07,5.09,5.03,5.08,4.190771,49700
632,2017-03-02,5.06,5.07,5.02,5.03,4.149523,61800
633,2017-03-03,5.03,5.07,5.02,5.07,4.182519999999999,22100
634,2017-03-06,5.08,5.08,5.03,5.08,4.190771,88800
635,2017-03-07,5.06,5.06,5.01,5.01,4.133022,22700
636,2017-03-08,5.03,5.03,5.0,5.01,4.133022,76100
637,2017-03-09,5.01,5.01,4.98,4.98,4.108275,39900
638,2017-03-10,4.99,5.01,4.95,4.96,4.091774,55300
639,2017-03-13,4.98,4.99,4.91,4.92,4.058776,49400
640,2017-03-14,4.89,4.9,4.88,4.88,4.052136,62100
641,2017-03-15,4.87,4.92,4.84,4.9,4.068741999999999,106100
642,2017-03-16,4.9,4.93,4.87,4.93,4.093651,39700
643,2017-03-17,4.89,4.91,4.89,4.89,4.0604379999999995,36200
644,2017-03-20,4.9,4.94,4.89,4.94,4.1019559999999995,47400
645,2017-03-21,4.91,4.93,4.91,4.92,4.085348000000001,53900
646,2017-03-22,4.93,4.94,4.92,4.92,4.085348000000001,46200
647,2017-03-23,4.91,4.94,4.91,4.92,4.085348000000001,41700
648,2017-03-24,4.92,4.95,4.91,4.94,4.1019559999999995,62300
649,2017-03-27,4.93,4.95,4.93,4.94,4.1019559999999995,47900
650,2017-03-28,4.95,4.96,4.92,4.92,4.085348000000001,68700
651,2017-03-29,4.93,4.95,4.9,4.94,4.1019559999999995,110400
652,2017-03-30,4.93,4.95,4.92,4.94,4.1019559999999995,103300
653,2017-03-31,4.94,4.96,4.92,4.95,4.11026,73800
654,2017-04-03,4.95,4.98,4.95,4.98,4.13517,73500
655,2017-04-04,4.95,4.97,4.95,4.95,4.11026,40100
656,2017-04-05,4.94,4.96,4.94,4.96,4.118562,88500
657,2017-04-06,4.95,4.95,4.93,4.94,4.1019559999999995,65000
658,2017-04-07,4.94,4.97,4.94,4.97,4.126868,62200
659,2017-04-10,4.97,5.0,4.97,5.0,4.151777,21000
660,2017-04-11,4.98,5.0,4.97,4.97,4.126868,33300
661,2017-04-12,4.97,5.0,4.96,5.0,4.151777,40300
662,2017-04-13,4.97,5.0,4.97,4.97,4.126868,45600
663,2017-04-17,4.98,5.0,4.98,4.99,4.143473,42900
664,2017-04-18,4.95,4.97,4.95,4.97,4.153502,50900
665,2017-04-19,4.97,5.0,4.95,5.0,4.178575,43800
666,2017-04-20,4.99,5.0,4.98,5.0,4.178575,37000
667,2017-04-21,5.0,5.0,4.99,5.0,4.178575,41100
668,2017-04-24,5.0,5.01,4.98,5.01,4.18693,51300
669,2017-04-25,5.01,5.03,4.96,4.96,4.145144,53500
670,2017-04-26,4.97,5.0,4.97,4.98,4.16186,55000
671,2017-04-27,4.99,4.99,4.96,4.99,4.170217,48900
672,2017-04-28,4.99,4.99,4.97,4.97,4.153502,35100
673,2017-05-01,4.99,4.99,4.97,4.97,4.153502,52800
674,2017-05-02,4.97,4.98,4.93,4.94,4.128431,175600
675,2017-05-03,4.94,4.95,4.94,4.94,4.128431,42400
676,2017-05-04,4.94,4.96,4.92,4.95,4.136786,81200
677,2017-05-05,4.93,4.97,4.93,4.93,4.120074,71000
678,2017-05-08,4.93,4.95,4.92,4.95,4.136786,36600
679,2017-05-09,4.93,4.93,4.91,4.92,4.111716,47300
680,2017-05-10,4.91,4.92,4.91,4.91,4.1033599999999995,46300
681,2017-05-11,4.89,4.93,4.89,4.91,4.1033599999999995,65300
682,2017-05-12,4.92,4.93,4.91,4.92,4.111716,34900
683,2017-05-15,4.93,4.95,4.93,4.94,4.128431,38400
684,2017-05-16,4.91,4.93,4.9,4.9,4.121702,23100
685,2017-05-17,4.91,4.95,4.91,4.93,4.146935,40000
686,2017-05-18,4.92,4.94,4.92,4.93,4.146935,78500
687,2017-05-19,4.92,4.95,4.91,4.92,4.138523999999999,50900
688,2017-05-22,4.93,4.94,4.92,4.92,4.138523999999999,40800
689,2017-05-23,4.92,4.95,4.92,4.93,4.146935,34000
690,2017-05-24,4.94,4.96,4.91,4.95,4.16376,71300
691,2017-05-25,4.95,4.95,4.92,4.92,4.138523999999999,66500
692,2017-05-26,4.92,4.95,4.92,4.94,4.155348,46100
693,2017-05-30,4.93,4.95,4.92,4.92,4.138523999999999,39100
694,2017-05-31,4.95,4.96,4.93,4.94,4.155348,78200
695,2017-06-01,4.93,4.96,4.93,4.96,4.172171,101000
696,2017-06-02,4.96,4.97,4.95,4.96,4.172171,80200
697,2017-06-05,4.96,4.98,4.94,4.95,4.16376,76500
698,2017-06-06,4.95,5.0,4.95,5.0,4.205818,59000
699,2017-06-07,4.99,4.99,4.96,4.96,4.172171,49600
700,2017-06-08,4.96,4.98,4.94,4.98,4.188994,118000
701,2017-06-09,4.97,4.98,4.96,4.96,4.172171,79700
702,2017-06-12,4.96,4.98,4.96,4.98,4.188994,48800
703,2017-06-13,4.95,4.98,4.94,4.98,4.216086,52400
704,2017-06-14,4.98,5.0,4.96,4.96,4.199154,68100
705,2017-06-15,4.96,4.98,4.9,4.93,4.173756,119400
706,2017-06-16,4.93,4.98,4.93,4.98,4.216086,45200
707,2017-06-19,4.98,4.98,4.93,4.93,4.173756,46800
708,2017-06-20,4.93,4.98,4.93,4.98,4.216086,120400
709,2017-06-21,4.98,4.98,4.95,4.95,4.19069,48300
710,2017-06-22,4.96,4.98,4.96,4.98,4.216086,28000
711,2017-06-23,4.98,4.98,4.97,4.97,4.207619,12900
712,2017-06-26,4.98,4.99,4.95,4.99,4.224551,48000
713,2017-06-27,4.98,4.98,4.96,4.96,4.199154,72500
714,2017-06-28,4.96,4.97,4.95,4.97,4.207619,37100
715,2017-06-29,4.98,4.98,4.95,4.98,4.216086,60100
716,2017-06-30,4.98,5.01,4.94,5.01,4.241484,107500
717,2017-07-03,5.01,5.01,4.94,4.98,4.216086,48200
718,2017-07-05,4.95,4.95,4.92,4.92,4.165289,56400
719,2017-07-06,4.93,4.95,4.9,4.95,4.19069,95200
720,2017-07-07,4.95,4.95,4.9,4.93,4.173756,76800
721,2017-07-10,4.94,4.95,4.91,4.91,4.156823999999999,49900
722,2017-07-11,4.92,4.93,4.89,4.93,4.173756,67900
723,2017-07-12,4.93,4.96,4.92,4.94,4.182222,83900
724,2017-07-13,4.93,4.96,4.91,4.95,4.19069,105600
725,2017-07-14,4.96,4.98,4.95,4.97,4.207619,71000
726,2017-07-17,4.96,4.98,4.95,4.96,4.199154,56500
727,2017-07-18,4.95,4.96,4.94,4.96,4.226421,56700
728,2017-07-19,4.96,4.97,4.95,4.97,4.234942,43400
729,2017-07-20,4.97,4.97,4.95,4.97,4.234942,46000
730,2017-07-21,4.96,4.97,4.95,4.95,4.217901,111200
731,2017-07-24,4.96,4.97,4.95,4.97,4.234942,38700
732,2017-07-25,4.95,4.96,4.91,4.91,4.183815,41800
733,2017-07-26,4.91,4.95,4.91,4.95,4.217901,35600
734,2017-07-27,4.95,4.96,4.91,4.94,4.209379,39500
735,2017-07-28,4.92,4.97,4.92,4.92,4.1923379999999995,61900
736,2017-07-31,4.95,4.96,4.92,4.92,4.1923379999999995,32400
737,2017-08-01,4.94,4.99,4.94,4.99,4.2519849999999995,70500
738,2017-08-02,4.99,4.99,4.93,4.98,4.243462999999999,127800
739,2017-08-03,4.96,4.97,4.93,4.94,4.209379,93900
740,2017-08-04,4.94,4.95,4.93,4.95,4.217901,76600
741,2017-08-07,4.94,4.95,4.92,4.92,4.1923379999999995,47100
742,2017-08-08,4.93,4.96,4.93,4.96,4.226421,43700
743,2017-08-09,4.93,4.98,4.93,4.94,4.209379,54700
744,2017-08-10,4.94,4.95,4.91,4.92,4.1923379999999995,94900
745,2017-08-11,4.84,4.98,4.82,4.98,4.243462999999999,122600
746,2017-08-14,4.96,4.99,4.95,4.99,4.2519849999999995,31800
747,2017-08-15,4.96,4.97,4.94,4.96,4.252842,29400
748,2017-08-16,4.94,4.94,4.93,4.94,4.235693,33100
749,2017-08-17,4.93,4.96,4.92,4.96,4.252842,32200
750,2017-08-18,4.95,4.97,4.93,4.93,4.227118,31400
751,2017-08-21,4.94,4.98,4.94,4.98,4.269989,31200
752,2017-08-22,4.97,4.97,4.93,4.93,4.227118,33800
753,2017-08-23,4.94,4.98,4.94,4.98,4.269989,41900
754,2017-08-24,4.97,4.97,4.96,4.97,4.261415,15900
755,2017-08-25,4.97,4.97,4.95,4.97,4.261415,43800
756,2017-08-28,4.97,4.97,4.94,4.95,4.244267,34000
757,2017-08-29,4.96,4.97,4.94,4.94,4.235693,44600
758,2017-08-30,4.95,4.97,4.95,4.96,4.252842,26000
759,2017-08-31,4.96,4.97,4.93,4.93,4.227118,92500
760,2017-09-01,4.93,4.96,4.93,4.94,4.235693,49100
761,2017-09-05,4.95,4.97,4.94,4.97,4.261415,51000
762,2017-09-06,4.96,4.98,4.94,4.95,4.244267,71500
763,2017-09-07,4.95,4.98,4.95,4.98,4.269989,50900
764,2017-09-08,4.97,4.97,4.96,4.97,4.261415,51200
765,2017-09-11,4.96,4.96,4.95,4.95,4.244267,49800
766,2017-09-12,4.92,4.93,4.91,4.91,4.2365010000000005,74400
767,2017-09-13,4.91,4.93,4.91,4.92,4.2451300000000005,67300
768,2017-09-14,4.92,4.92,4.89,4.9,4.2278720000000005,46500
769,2017-09-15,4.93,4.93,4.9,4.92,4.2451300000000005,42800
770,2017-09-18,4.93,4.94,4.92,4.94,4.262385,46200
771,2017-09-19,4.94,4.96,4.93,4.96,4.279643,61000
772,2017-09-20,4.93,4.97,4.93,4.96,4.279643,78900
773,2017-09-21,4.96,4.96,4.91,4.94,4.262385,46300
774,2017-09-22,4.92,4.95,4.92,4.94,4.262385,31200
775,2017-09-25,4.94,4.95,4.91,4.91,4.2365010000000005,25800
776,2017-09-26,4.91,4.94,4.9,4.94,4.262385,119600
777,2017-09-27,4.92,4.94,4.92,4.94,4.262385,42800
778,2017-09-28,4.92,4.94,4.92,4.94,4.262385,31900
779,2017-09-29,4.92,4.95,4.92,4.94,4.262385,59400
780,2017-10-02,4.95,4.96,4.93,4.96,4.279643,70200
781,2017-10-03,4.95,4.95,4.92,4.93,4.253759,55900
782,2017-10-04,4.93,4.94,4.92,4.93,4.253759,47100
783,2017-10-05,4.92,4.93,4.92,4.92,4.2451300000000005,53200
784,2017-10-06,4.92,4.93,4.92,4.93,4.253759,35800
785,2017-10-09,4.93,4.93,4.9,4.93,4.253759,54100
786,2017-10-10,4.92,4.95,4.92,4.94,4.262385,17100
787,2017-10-11,4.94,4.95,4.93,4.94,4.262385,31000
788,2017-10-12,4.93,4.94,4.92,4.93,4.253759,45600
789,2017-10-13,4.94,4.95,4.92,4.93,4.253759,23900
790,2017-10-16,4.93,4.95,4.93,4.95,4.271014,44600
791,2017-10-17,4.91,4.92,4.91,4.91,4.2632,24600
792,2017-10-18,4.91,4.93,4.9,4.93,4.280565,32700
793,2017-10-19,4.92,4.93,4.92,4.93,4.280565,49100
794,2017-10-20,4.92,4.93,4.91,4.93,4.280565,29900
795,2017-10-23,4.93,4.94,4.92,4.93,4.280565,16500
796,2017-10-24,4.92,4.94,4.92,4.94,4.289248000000001,45600
797,2017-10-25,4.93,4.95,4.91,4.91,4.2632,29700
798,2017-10-26,4.92,4.92,4.87,4.87,4.2284690000000005,75300
799,2017-10-27,4.88,4.9,4.87,4.9,4.254517,29400
800,2017-10-30,4.9,4.92,4.89,4.92,4.271883,23500
801,2017-10-31,4.92,4.94,4.9,4.92,4.271883,29400
802,2017-11-01,4.92,4.95,4.92,4.95,4.297931,43600
803,2017-11-02,4.94,4.95,4.9,4.91,4.2632,28300
804,2017-11-03,4.91,4.91,4.89,4.9,4.254517,24900
805,2017-11-06,4.9,4.91,4.9,4.91,4.2632,21000
806,2017-11-07,4.91,4.92,4.89,4.9,4.254517,38200
807,2017-11-08,4.9,4.91,4.9,4.91,4.2632,41700
808,2017-11-09,4.9,4.91,4.83,4.84,4.20242,78500
809,2017-11-10,4.85,4.85,4.81,4.83,4.193738,67300
810,2017-11-13,4.84,4.85,4.81,4.85,4.211103,52900
811,2017-11-14,4.8,4.81,4.78,4.78,4.177023999999999,37600
812,2017-11-15,4.78,4.83,4.78,4.83,4.220716,29600
813,2017-11-16,4.8,4.81,4.78,4.79,4.185763,76400
814,2017-11-17,4.81,4.84,4.78,4.84,4.229456,44400
815,2017-11-20,4.81,4.85,4.79,4.85,4.238193,51500
816,2017-11-21,4.84,4.84,4.79,4.82,4.211978,80800
817,2017-11-22,4.8,4.83,4.79,4.83,4.220716,30600
818,2017-11-24,4.82,4.83,4.82,4.83,4.220716,27000
819,2017-11-27,4.81,4.83,4.81,4.82,4.211978,66200
820,2017-11-28,4.84,4.84,4.8,4.81,4.203239,51600
821,2017-11-29,4.81,4.82,4.78,4.81,4.203239,92800
822,2017-11-30,4.8,4.82,4.79,4.81,4.203239,43900
823,2017-12-01,4.83,4.85,4.81,4.85,4.238193,79100
824,2017-12-04,4.83,4.83,4.8,4.82,4.211978,45600
825,2017-12-05,4.81,4.82,4.81,4.82,4.211978,31700
826,2017-12-06,4.82,4.95,4.8,4.85,4.238193,106400
827,2017-12-07,4.83,4.86,4.79,4.8,4.1945,62100
828,2017-12-08,4.79,4.81,4.78,4.8,4.1945,122200
829,2017-12-11,4.79,4.82,4.79,4.81,4.203239,58500
830,2017-12-12,4.79,4.81,4.79,4.8,4.1945,92300
831,2017-12-13,4.8,4.81,4.79,4.81,4.203239,61000
832,2017-12-14,4.8,4.82,4.8,4.82,4.211978,56300
833,2017-12-15,4.81,4.83,4.8,4.81,4.203239,119800
834,2017-12-18,4.8,4.86,4.8,4.85,4.238193,94700
835,2017-12-19,4.83,4.83,4.76,4.78,4.203894,77200
836,2017-12-20,4.78,4.78,4.75,4.76,4.186305,88300
837,2017-12-21,4.76,4.78,4.75,4.78,4.203894,60800
838,2017-12-22,4.78,4.81,4.78,4.79,4.21269,71900
839,2017-12-26,4.77,4.79,4.76,4.78,4.203894,147000
840,2017-12-27,4.78,4.8,4.77,4.8,4.221483,59000
841,2017-12-28,4.78,4.81,4.78,4.8,4.221483,118800
842,2017-12-29,4.81,4.81,4.77,4.79,4.21269,418300
843,2018-01-02,4.78,4.86,4.78,4.86,4.274252,188100
844,2018-01-03,4.84,4.85,4.8,4.81,4.230278,46200
845,2018-01-04,4.81,4.83,4.79,4.79,4.21269,78900
846,2018-01-05,4.8,4.82,4.77,4.77,4.195099,42900
847,2018-01-08,4.76,4.78,4.75,4.76,4.186305,70700
848,2018-01-09,4.75,4.76,4.75,4.75,4.177509,65300
849,2018-01-10,4.75,4.75,4.74,4.74,4.168715,54200
850,2018-01-11,4.74,4.76,4.73,4.74,4.168715,80900
851,2018-01-12,4.74,4.75,4.74,4.74,4.168715,48500
852,2018-01-16,4.7,4.73,4.7,4.71,4.1696,99500
853,2018-01-17,4.71,4.72,4.71,4.71,4.1696,92300
854,2018-01-18,4.71,4.71,4.68,4.71,4.1696,145900
855,2018-01-19,4.7,4.71,4.69,4.71,4.1696,73200
856,2018-01-22,4.71,4.71,4.69,4.69,4.151895,46500
857,2018-01-23,4.71,4.71,4.68,4.69,4.151895,86300
858,2018-01-24,4.7,4.72,4.7,4.72,4.178452,59400
859,2018-01-25,4.73,4.73,4.69,4.69,4.151895,67600
860,2018-01-26,4.69,4.74,4.69,4.74,4.196159,34400
861,2018-01-29,4.73,4.77,4.71,4.75,4.205011,88000
862,2018-01-30,4.74,4.74,4.7,4.74,4.196159,31500
863,2018-01-31,4.74,4.75,4.7,4.75,4.205011,61500
864,2018-02-01,4.74,4.77,4.73,4.75,4.205011,59200
865,2018-02-02,4.75,4.75,4.7,4.74,4.196159,32100
866,2018-02-05,4.73,4.73,4.63,4.68,4.1430419999999994,148200
867,2018-02-06,4.65,4.67,4.64,4.66,4.125336,146200
868,2018-02-07,4.65,4.68,4.65,4.68,4.1430419999999994,51700
869,2018-02-08,4.64,4.65,4.63,4.64,4.107631,58400
870,2018-02-09,4.62,4.63,4.62,4.63,4.098778,18400
871,2018-02-12,4.65,4.66,4.63,4.66,4.125336,77200
872,2018-02-13,4.63,4.64,4.6,4.61,4.107517,72400
873,2018-02-14,4.62,4.65,4.62,4.64,4.134246,45200
874,2018-02-15,4.63,4.64,4.6,4.63,4.125336,75800
875,2018-02-16,4.62,4.63,4.6,4.61,4.107517,51400
876,2018-02-20,4.61,4.64,4.59,4.6,4.098607,37400
877,2018-02-21,4.63,4.66,4.62,4.63,4.125336,22100
878,2018-02-22,4.63,4.64,4.63,4.64,4.134246,47100
879,2018-02-23,4.65,4.66,4.63,4.65,4.143155999999999,19300
880,2018-02-26,4.67,4.68,4.66,4.68,4.169887,36900
881,2018-02-27,4.66,4.68,4.64,4.65,4.143155999999999,27600
882,2018-02-28,4.68,4.68,4.64,4.66,4.1520660000000005,28500
883,2018-03-01,4.67,4.68,4.65,4.68,4.169887,47300
884,2018-03-02,4.67,4.67,4.63,4.63,4.125336,38200
885,2018-03-05,4.63,4.65,4.63,4.65,4.143155999999999,33900
886,2018-03-06,4.65,4.65,4.62,4.65,4.143155999999999,49100
887,2018-03-07,4.66,4.68,4.64,4.64,4.134246,53400
888,2018-03-08,4.65,4.66,4.62,4.62,4.116427,45300
889,2018-03-09,4.63,4.65,4.62,4.64,4.134246,44700
890,2018-03-12,4.64,4.65,4.58,4.63,4.125336,83300
891,2018-03-13,4.62,4.62,4.57,4.6,4.125336,62400
892,2018-03-14,4.61,4.61,4.58,4.58,4.1074,42900
893,2018-03-15,4.61,4.61,4.57,4.59,4.1163680000000005,56200
894,2018-03-16,4.58,4.6,4.58,4.59,4.1163680000000005,45600
895,2018-03-19,4.59,4.59,4.58,4.59,4.1163680000000005,33700
896,2018-03-20,4.59,4.59,4.57,4.59,4.1163680000000005,28000
897,2018-03-21,4.58,4.59,4.56,4.57,4.098433,43900
898,2018-03-22,4.58,4.58,4.56,4.57,4.098433,64400
899,2018-03-23,4.57,4.6,4.56,4.59,4.1163680000000005,33100
900,2018-03-26,4.61,4.61,4.59,4.6,4.125336,16900
901,2018-03-27,4.6,4.6,4.58,4.59,4.1163680000000005,22200
902,2018-03-28,4.59,4.6,4.59,4.6,4.125336,19100
903,2018-03-29,4.61,4.63,4.6,4.63,4.152241,55200
904,2018-04-02,4.63,4.64,4.6,4.64,4.1612089999999995,45200
905,2018-04-03,4.61,4.63,4.61,4.62,4.143274,47600
906,2018-04-04,4.6,4.63,4.6,4.63,4.152241,23900
907,2018-04-05,4.62,4.63,4.61,4.63,4.152241,46100
908,2018-04-06,4.61,4.62,4.6,4.61,4.134305,105000
909,2018-04-09,4.61,4.62,4.6,4.62,4.143274,30100
910,2018-04-10,4.62,4.62,4.6,4.6,4.125336,78100
911,2018-04-11,4.6,4.62,4.59,4.6,4.125336,64800
912,2018-04-12,4.6,4.61,4.58,4.6,4.125336,18100
913,2018-04-13,4.61,4.61,4.57,4.58,4.1074,23400
914,2018-04-16,4.59,4.59,4.57,4.58,4.1074,68600
915,2018-04-17,4.57,4.57,4.55,4.56,4.116427,48000
916,2018-04-18,4.55,4.57,4.53,4.53,4.089346,111600
917,2018-04-19,4.55,4.56,4.54,4.55,4.1074,95300
918,2018-04-20,4.55,4.55,4.54,4.55,4.1074,22900
919,2018-04-23,4.54,4.55,4.52,4.52,4.080318,88200
920,2018-04-24,4.52,4.53,4.5,4.51,4.071291,36700
921,2018-04-25,4.52,4.52,4.5,4.51,4.071291,24300
922,2018-04-26,4.53,4.53,4.5,4.51,4.071291,21200
923,2018-04-27,4.51,4.53,4.51,4.53,4.089346,19600
924,2018-04-30,4.54,4.55,4.52,4.54,4.0983730000000005,61100
925,2018-05-01,4.53,4.58,4.53,4.58,4.134482,41200
926,2018-05-02,4.57,4.57,4.53,4.54,4.0983730000000005,24400
927,2018-05-03,4.55,4.56,4.54,4.55,4.1074,30500
928,2018-05-04,4.54,4.56,4.54,4.56,4.116427,23300
929,2018-05-07,4.56,4.56,4.54,4.56,4.116427,17400
930,2018-05-08,4.55,4.55,4.53,4.53,4.089346,18500
931,2018-05-09,4.54,4.55,4.52,4.54,4.0983730000000005,18500
932,2018-05-10,4.53,4.54,4.52,4.54,4.0983730000000005,64400
933,2018-05-11,4.53,4.53,4.52,4.52,4.080318,48600
934,2018-05-14,4.52,4.54,4.52,4.53,4.089346,28600
935,2018-05-15,4.5,4.51,4.48,4.5,4.088439,45600
936,2018-05-16,4.48,4.48,4.46,4.48,4.070266999999999,58500
937,2018-05-17,4.47,4.49,4.47,4.49,4.079352,43000
938,2018-05-18,4.5,4.51,4.47,4.47,4.0611809999999995,80400
939,2018-05-21,4.46,4.49,4.46,4.48,4.070266999999999,78100
940,2018-05-22,4.47,4.49,4.47,4.49,4.079352,17200
941,2018-05-23,4.48,4.49,4.48,4.49,4.079352,27900
942,2018-05-24,4.49,4.51,4.49,4.5,4.088439,19100
943,2018-05-25,4.49,4.52,4.49,4.49,4.079352,30200
944,2018-05-29,4.51,4.53,4.51,4.51,4.097523000000001,42700
945,2018-05-30,4.51,4.54,4.51,4.53,4.115694,38400
946,2018-05-31,4.54,4.55,4.53,4.54,4.124779,46000
947,2018-06-01,4.53,4.56,4.53,4.56,4.14295,66200
948,2018-06-04,4.54,4.54,4.51,4.51,4.097523000000001,37700
949,2018-06-05,4.51,4.52,4.51,4.51,4.097523000000001,54200
950,2018-06-06,4.5,4.51,4.48,4.48,4.070266999999999,58200
951,2018-06-07,4.48,4.49,4.48,4.48,4.070266999999999,75600
952,2018-06-08,4.47,4.5,4.47,4.5,4.088439,93200
953,2018-06-11,4.5,4.51,4.49,4.5,4.088439,61300
954,2018-06-12,4.47,4.48,4.46,4.47,4.087523,60100
955,2018-06-13,4.47,4.49,4.47,4.48,4.096667,31800
956,2018-06-14,4.48,4.5,4.48,4.49,4.1058129999999995,34300
957,2018-06-15,4.49,4.51,4.49,4.51,4.1241,27300
958,2018-06-18,4.49,4.49,4.45,4.47,4.087523,54400
959,2018-06-19,4.47,4.5,4.47,4.5,4.114958000000001,10700
960,2018-06-20,4.5,4.51,4.49,4.49,4.1058129999999995,13800
961,2018-06-21,4.49,4.51,4.49,4.5,4.114958000000001,9100
962,2018-06-22,4.51,4.53,4.49,4.5,4.114958000000001,38400
963,2018-06-25,4.51,4.51,4.49,4.49,4.1058129999999995,41800
964,2018-06-26,4.48,4.49,4.48,4.49,4.1058129999999995,20700
965,2018-06-27,4.51,4.52,4.49,4.52,4.133244,33500
966,2018-06-28,4.51,4.55,4.51,4.51,4.1241,32500
967,2018-06-29,4.52,4.52,4.49,4.5,4.114958000000001,42500
968,2018-07-02,4.49,4.52,4.49,4.5,4.114958000000001,45500
969,2018-07-03,4.5,4.52,4.5,4.5,4.114958000000001,45900
970,2018-07-05,4.5,4.51,4.5,4.5,4.114958000000001,52500
971,2018-07-06,4.5,4.52,4.5,4.5,4.114958000000001,29300
972,2018-07-09,4.5,4.51,4.5,4.5,4.114958000000001,60500
973,2018-07-10,4.51,4.51,4.5,4.51,4.1241,19200
974,2018-07-11,4.5,4.5,4.49,4.49,4.1058129999999995,69700
975,2018-07-12,4.5,4.51,4.49,4.51,4.1241,89000
976,2018-07-13,4.5,4.51,4.5,4.5,4.114958000000001,36500
977,2018-07-16,4.51,4.53,4.51,4.53,4.142389,20200
978,2018-07-17,4.51,4.52,4.49,4.52,4.159875,41800
979,2018-07-18,4.51,4.51,4.48,4.49,4.132266,22500
980,2018-07-19,4.48,4.49,4.48,4.48,4.123062,20400
981,2018-07-20,4.48,4.5,4.48,4.49,4.132266,27200
982,2018-07-23,4.49,4.49,4.47,4.47,4.113859,20300
983,2018-07-24,4.47,4.49,4.46,4.46,4.104655999999999,18300
984,2018-07-25,4.46,4.47,4.45,4.47,4.113859,60600
985,2018-07-26,4.47,4.47,4.46,4.47,4.113859,45500
986,2018-07-27,4.47,4.48,4.46,4.46,4.104655999999999,27300
987,2018-07-30,4.45,4.47,4.45,4.46,4.104655999999999,55100
988,2018-07-31,4.48,4.48,4.46,4.48,4.123062,19100
989,2018-08-01,4.47,4.48,4.46,4.48,4.123062,47500
990,2018-08-02,4.47,4.48,4.46,4.46,4.104655999999999,96000
991,2018-08-03,4.46,4.47,4.45,4.46,4.104655999999999,33000
992,2018-08-06,4.45,4.48,4.45,4.48,4.123062,33400
993,2018-08-07,4.47,4.48,4.47,4.47,4.113859,70600
994,2018-08-08,4.47,4.48,4.46,4.46,4.104655999999999,11800
995,2018-08-09,4.46,4.48,4.46,4.48,4.123062,38200
996,2018-08-10,4.47,4.48,4.47,4.47,4.113859,8800
997,2018-08-13,4.47,4.5,4.47,4.48,4.123062,27400
998,2018-08-14,4.49,4.49,4.47,4.48,4.149926,35300
999,2018-08-15,4.48,4.48,4.46,4.46,4.1314,26700
1000,2018-08-16,4.46,4.47,4.46,4.46,4.1314,23500
1001,2018-08-17,4.47,4.48,4.46,4.46,4.1314,27800
1002,2018-08-20,4.46,4.47,4.46,4.46,4.1314,28000
1003,2018-08-21,4.46,4.47,4.45,4.46,4.1314,19800
1004,2018-08-22,4.47,4.48,4.46,4.46,4.1314,22800
1005,2018-08-23,4.46,4.48,4.46,4.46,4.1314,18600
1006,2018-08-24,4.46,4.47,4.46,4.46,4.1314,46400
1007,2018-08-27,4.47,4.48,4.46,4.48,4.149926,31300
1008,2018-08-28,4.47,4.47,4.46,4.46,4.1314,29300
1009,2018-08-29,4.47,4.47,4.45,4.47,4.140662,39400
1010,2018-08-30,4.46,4.47,4.46,4.46,4.1314,32600
1011,2018-08-31,4.46,4.47,4.46,4.46,4.1314,46500
1012,2018-09-04,4.47,4.47,4.46,4.47,4.140662,67200
1013,2018-09-05,4.47,4.47,4.45,4.45,4.122136,34700
1014,2018-09-06,4.46,4.55,4.45,4.46,4.1314,30100
1015,2018-09-07,4.46,4.46,4.45,4.46,4.1314,47600
1016,2018-09-10,4.45,4.46,4.45,4.46,4.1314,22000
1017,2018-09-11,4.46,4.46,4.45,4.45,4.122136,43800
1018,2018-09-12,4.45,4.45,4.44,4.44,4.1128730000000004,18700
1019,2018-09-13,4.44,4.45,4.43,4.45,4.122136,44400
1020,2018-09-14,4.45,4.45,4.44,4.44,4.1128730000000004,18200
1021,2018-09-17,4.45,4.45,4.44,4.45,4.122136,13800
1022,2018-09-18,4.43,4.43,4.41,4.43,4.130527,21600
1023,2018-09-19,4.42,4.42,4.39,4.39,4.0932319999999995,44200
1024,2018-09-20,4.4,4.4,4.38,4.4,4.102555000000001,36500
1025,2018-09-21,4.39,4.4,4.39,4.4,4.102555000000001,25700
1026,2018-09-24,4.39,4.43,4.38,4.43,4.130527,41000
1027,2018-09-25,4.42,4.42,4.4,4.4,4.102555000000001,10300
1028,2018-09-26,4.41,4.43,4.4,4.43,4.130527,26700
1029,2018-09-27,4.43,4.43,4.4,4.4,4.102555000000001,32500
1030,2018-09-28,4.41,4.43,4.41,4.43,4.130527,6300
1031,2018-10-01,4.43,4.45,4.4,4.45,4.149175,21700
1032,2018-10-02,4.45,4.46,4.42,4.45,4.149175,14900
1033,2018-10-03,4.46,4.46,4.44,4.44,4.139851999999999,33700
1034,2018-10-04,4.44,4.44,4.39,4.4,4.102555000000001,18400
1035,2018-10-05,4.4,4.42,4.39,4.41,4.11188,20000
1036,2018-10-08,4.41,4.43,4.39,4.39,4.0932319999999995,29800
1037,2018-10-09,4.4,4.4,4.35,4.35,4.055936,21600
1038,2018-10-10,4.35,4.37,4.34,4.35,4.055936,159400
1039,2018-10-11,4.34,4.37,4.34,4.34,4.0466120000000005,83700
1040,2018-10-12,4.35,4.35,4.32,4.34,4.0466120000000005,21500
1041,2018-10-15,4.34,4.37,4.34,4.37,4.074584,35000
1042,2018-10-16,4.34,4.37,4.33,4.35,4.083032,40600
1043,2018-10-17,4.35,4.36,4.34,4.35,4.083032,25900
1044,2018-10-18,4.35,4.36,4.35,4.36,4.092418,20100
1045,2018-10-19,4.36,4.37,4.34,4.37,4.1018040000000004,29100
1046,2018-10-22,4.36,4.36,4.33,4.35,4.083032,31700
1047,2018-10-23,4.35,4.36,4.33,4.35,4.083032,908400
1048,2018-10-24,4.35,4.36,4.35,4.35,4.083032,31700
1049,2018-10-25,4.36,4.37,4.35,4.37,4.1018040000000004,24500
1050,2018-10-26,4.35,4.36,4.35,4.35,4.083032,39600
1051,2018-10-29,4.36,4.37,4.36,4.36,4.092418,37000
1052,2018-10-30,4.36,4.36,4.35,4.35,4.083032,43900
1053,2018-10-31,4.36,4.37,4.34,4.37,4.1018040000000004,32400
1054,2018-11-01,4.37,4.39,4.34,4.36,4.092418,52500
1055,2018-11-02,4.36,4.37,4.34,4.34,4.073646,30500
1056,2018-11-05,4.34,4.36,4.33,4.33,4.064258000000001,50900
1057,2018-11-06,4.33,4.35,4.33,4.34,4.073646,39200
1058,2018-11-07,4.34,4.37,4.32,4.35,4.083032,58000
1059,2018-11-08,4.36,4.36,4.33,4.33,4.064258000000001,46200
1060,2018-11-09,4.33,4.34,4.31,4.31,4.0454870000000005,32800
1061,2018-11-12,4.31,4.33,4.29,4.32,4.054873000000001,37100
1062,2018-11-13,4.3,4.31,4.29,4.3,4.062431,44200
1063,2018-11-14,4.31,4.31,4.29,4.31,4.071879,38700
1064,2018-11-15,4.3,4.31,4.3,4.31,4.071879,81100
1065,2018-11-16,4.3,4.32,4.29,4.32,4.081326,42900
1066,2018-11-19,4.31,4.33,4.31,4.33,4.090773,18000
1067,2018-11-20,4.31,4.36,4.3,4.34,4.1002220000000005,16200
1068,2018-11-21,4.32,4.4,4.32,4.33,4.090773,32100
1069,2018-11-23,4.36,4.36,4.34,4.35,4.109669,17000
1070,2018-11-26,4.34,4.37,4.34,4.35,4.109669,60700
1071,2018-11-27,4.35,4.36,4.3,4.34,4.1002220000000005,60700
1072,2018-11-28,4.33,4.35,4.31,4.31,4.071879,73000
1073,2018-11-29,4.33,4.36,4.33,4.35,4.109669,56800
1074,2018-11-30,4.34,4.37,4.33,4.36,4.119115,91000
1075,2018-12-03,4.37,4.38,4.34,4.37,4.128563,81500
1076,2018-12-04,4.37,4.38,4.35,4.37,4.128563,315500
1077,2018-12-06,4.37,4.41,4.36,4.37,4.128563,151600
1078,2018-12-07,4.36,4.4,4.36,4.39,4.147459,36200
1079,2018-12-10,4.38,4.39,4.36,4.37,4.128563,135900
1080,2018-12-11,4.38,4.41,4.38,4.38,4.138011,20700
1081,2018-12-12,4.38,4.39,4.37,4.38,4.138011,152900
1082,2018-12-13,4.38,4.41,4.37,4.38,4.138011,119000
1083,2018-12-14,4.38,4.41,4.38,4.41,4.166353,98300
1084,2018-12-17,4.41,4.41,4.38,4.4,4.156905999999999,67900
1085,2018-12-18,4.35,4.36,4.34,4.34,4.126481,29700
1086,2018-12-19,4.35,4.38,4.34,4.37,4.155004,48700
1087,2018-12-20,4.37,4.39,4.37,4.38,4.1645129999999995,45500
1088,2018-12-21,4.35,4.39,4.34,4.36,4.145496,53800
1089,2018-12-24,4.39,4.44,4.35,4.44,4.22156,50600
1090,2018-12-26,4.44,4.46,4.41,4.44,4.22156,42400
1091,2018-12-27,4.41,4.43,4.41,4.43,4.212052,27800
1092,2018-12-28,4.44,4.46,4.43,4.46,4.240576,20100
1093,2018-12-31,4.49,4.49,4.45,4.49,4.2691,48100
1094,2019-01-02,4.49,4.51,4.46,4.51,4.288117,41300
1095,2019-01-03,4.48,4.51,4.46,4.46,4.240576,39200
1096,2019-01-04,4.49,4.51,4.48,4.5,4.278608,33600
1097,2019-01-07,4.51,4.51,4.49,4.51,4.288117,51100
1098,2019-01-08,4.51,4.52,4.5,4.5,4.278608,60500
1099,2019-01-09,4.5,4.53,4.5,4.5,4.278608,24700
1100,2019-01-10,4.5,4.54,4.5,4.54,4.3166400000000005,20100
1101,2019-01-11,4.52,4.53,4.51,4.51,4.288117,26700
1102,2019-01-14,4.49,4.51,4.46,4.46,4.240576,56200
1103,2019-01-15,4.43,4.47,4.43,4.43,4.238662000000001,54200
1104,2019-01-16,4.43,4.44,4.42,4.42,4.229095,44500
1105,2019-01-17,4.42,4.44,4.41,4.43,4.238662000000001,69500
1106,2019-01-18,4.41,4.43,4.41,4.42,4.229095,58700
1107,2019-01-22,4.41,4.43,4.39,4.39,4.2003900000000005,74300
1108,2019-01-23,4.4,4.41,4.38,4.39,4.2003900000000005,94000
1109,2019-01-24,4.4,4.42,4.38,4.38,4.190823,42800
1110,2019-01-25,4.42,4.43,4.39,4.41,4.219526,74700
1111,2019-01-28,4.39,4.44,4.39,4.44,4.248231,45200
1112,2019-01-29,4.44,4.49,4.42,4.49,4.2960709999999995,64700
1113,2019-01-30,4.48,4.49,4.47,4.49,4.2960709999999995,63100
1114,2019-01-31,4.51,4.54,4.49,4.54,4.343912,38700
1115,2019-02-01,4.56,4.56,4.48,4.51,4.315208,64600
1116,2019-02-04,4.49,4.49,4.46,4.49,4.2960709999999995,50000
1117,2019-02-05,4.49,4.49,4.45,4.45,4.257798,35700
1118,2019-02-06,4.46,4.5,4.46,4.5,4.30564,9700
1119,2019-02-07,4.49,4.51,4.46,4.48,4.286503,22300
1120,2019-02-08,4.49,4.53,4.48,4.53,4.334343,32500
1121,2019-02-11,4.51,4.54,4.46,4.46,4.267367,32300
1122,2019-02-12,4.46,4.49,4.46,4.48,4.313584,34100
1123,2019-02-13,4.48,4.48,4.41,4.45,4.284698000000001,39700
1124,2019-02-14,4.46,4.47,4.41,4.44,4.2750699999999995,22100
1125,2019-02-15,4.42,4.44,4.41,4.41,4.2461839999999995,36500
1126,2019-02-19,4.42,4.47,4.42,4.47,4.3039559999999994,29600
1127,2019-02-20,4.48,4.49,4.47,4.48,4.313584,13400
1128,2019-02-21,4.48,4.49,4.42,4.43,4.265441,17100
1129,2019-02-22,4.44,4.44,4.41,4.42,4.255813,79800
1130,2019-02-25,4.41,4.43,4.4,4.41,4.2461839999999995,29500
1131,2019-02-26,4.43,4.44,4.41,4.41,4.2461839999999995,48400
1132,2019-02-27,4.42,4.44,4.42,4.42,4.255813,27900
1133,2019-02-28,4.41,4.43,4.41,4.42,4.255813,54200
1134,2019-03-01,4.43,4.44,4.42,4.44,4.2750699999999995,60000
1135,2019-03-04,4.43,4.44,4.42,4.43,4.265441,71200
1136,2019-03-05,4.44,4.45,4.42,4.44,4.2750699999999995,74600
1137,2019-03-06,4.43,4.46,4.43,4.45,4.284698000000001,55900
1138,2019-03-07,4.45,4.46,4.44,4.45,4.284698000000001,56300
1139,2019-03-08,4.46,4.46,4.44,4.44,4.2750699999999995,33800
1140,2019-03-11,4.44,4.46,4.44,4.45,4.284698000000001,32100
1141,2019-03-12,4.43,4.44,4.41,4.41,4.273071,30400
1142,2019-03-13,4.42,4.43,4.41,4.43,4.2924489999999995,24700
1143,2019-03-14,4.43,4.43,4.4,4.4,4.263382,22600
1144,2019-03-15,4.41,4.42,4.4,4.42,4.282761,28100
1145,2019-03-18,4.41,4.43,4.41,4.41,4.273071,17800
1146,2019-03-19,4.42,4.42,4.38,4.39,4.253692,74600
1147,2019-03-20,4.4,4.42,4.4,4.4,4.263382,27300
1148,2019-03-21,4.41,4.43,4.39,4.4,4.263382,43200
1149,2019-03-22,4.42,4.45,4.42,4.45,4.311829,53100
1150,2019-03-25,4.44,4.45,4.44,4.44,4.3021400000000005,64500
1151,2019-03-26,4.43,4.46,4.43,4.45,4.311829,47300
1152,2019-03-27,4.45,4.47,4.45,4.47,4.331208,110600
1153,2019-03-28,4.47,4.48,4.46,4.48,4.340898,67000
1154,2019-03-29,4.48,4.49,4.48,4.49,4.350587,52700
1155,2019-04-01,4.48,4.48,4.47,4.47,4.331208,41200
1156,2019-04-02,4.47,4.49,4.47,4.47,4.331208,50800
1157,2019-04-03,4.44,4.46,4.44,4.45,4.311829,42300
1158,2019-04-04,4.45,4.48,4.45,4.48,4.340898,100800
1159,2019-04-05,4.47,4.49,4.46,4.49,4.350587,46200
1160,2019-04-08,4.48,4.48,4.45,4.45,4.311829,24900
1161,2019-04-09,4.46,4.48,4.46,4.47,4.331208,23600
1162,2019-04-10,4.46,4.47,4.46,4.46,4.321519,43400
1163,2019-04-11,4.47,4.47,4.45,4.46,4.321519,44000
1164,2019-04-12,4.46,4.47,4.43,4.44,4.3021400000000005,38600
1165,2019-04-15,4.45,4.46,4.44,4.45,4.311829,35900
1166,2019-04-16,4.44,4.44,4.39,4.4,4.290376999999999,95600
1167,2019-04-17,4.4,4.41,4.39,4.4,4.290376999999999,38900
1168,2019-04-18,4.4,4.42,4.39,4.39,4.280627,27000
1169,2019-04-22,4.4,4.41,4.36,4.38,4.270875,79000
1170,2019-04-23,4.39,4.42,4.38,4.41,4.300128,92500
1171,2019-04-24,4.42,4.44,4.41,4.44,4.329381,47000
1172,2019-04-25,4.44,4.44,4.43,4.44,4.329381,31700
1173,2019-04-26,4.45,4.45,4.43,4.45,4.339131,13600
1174,2019-04-29,4.44,4.45,4.43,4.45,4.339131,54100
1175,2019-04-30,4.45,4.47,4.44,4.47,4.358633,73600
1176,2019-05-01,4.47,4.53,4.47,4.52,4.407388,98100
1177,2019-05-02,4.52,4.52,4.45,4.5,4.387886,35800
1178,2019-05-03,4.5,4.52,4.49,4.5,4.387886,51900
1179,2019-05-06,4.49,4.51,4.47,4.49,4.378134999999999,33000
1180,2019-05-07,4.5,4.59,4.5,4.58,4.465892,135100
1181,2019-05-08,4.58,4.58,4.53,4.55,4.436640000000001,34200
1182,2019-05-09,4.56,4.59,4.53,4.54,4.426889,26700
1183,2019-05-10,4.54,4.63,4.52,4.53,4.417139,73400
1184,2019-05-13,4.53,4.57,4.51,4.51,4.3976370000000005,42700
1185,2019-05-14,4.49,4.52,4.49,4.52,4.434922,29800
1186,2019-05-15,4.52,4.53,4.51,4.51,4.42511,22500
1187,2019-05-16,4.51,4.52,4.49,4.52,4.434922,45600
1188,2019-05-17,4.51,4.51,4.49,4.5,4.415298,30700
1189,2019-05-20,4.5,4.5,4.49,4.49,4.405486,26300
1190,2019-05-21,4.49,4.54,4.49,4.54,4.4545449999999995,50700
1191,2019-05-22,4.51,4.52,4.49,4.51,4.42511,70800
1192,2019-05-23,4.52,4.54,4.51,4.54,4.4545449999999995,35500
1193,2019-05-24,4.53,4.57,4.53,4.55,4.464357,61900
1194,2019-05-28,4.54,4.56,4.52,4.52,4.434922,36100
1195,2019-05-29,4.53,4.56,4.52,4.56,4.474169,40700
1196,2019-05-30,4.56,4.56,4.53,4.55,4.464357,49400
1197,2019-05-31,4.58,4.58,4.54,4.57,4.483981,66400
1198,2019-06-03,4.58,4.59,4.57,4.58,4.493792,67700
1199,2019-06-04,4.6,4.6,4.55,4.58,4.493792,39600
1200,2019-06-05,4.62,4.65,4.56,4.62,4.533039,80600
1201,2019-06-06,4.62,4.64,4.56,4.6,4.513415,101300
1202,2019-06-07,4.63,4.63,4.6,4.62,4.533039,64500
1203,2019-06-10,4.6,4.64,4.58,4.61,4.523228,86900
1204,2019-06-11,4.62,4.65,4.6,4.64,4.552663,57800
1205,2019-06-12,4.64,4.68,4.62,4.62,4.533039,125900
1206,2019-06-13,4.63,4.66,4.6,4.61,4.523228,53100
1207,2019-06-14,4.61,4.65,4.6,4.65,4.562475,42200
1208,2019-06-17,4.64,4.64,4.62,4.64,4.552663,27900
1209,2019-06-18,4.63,4.64,4.6,4.6,4.541802,60100
1210,2019-06-19,4.6,4.63,4.58,4.62,4.561548999999999,49200
1211,2019-06-20,4.62,4.63,4.61,4.62,4.561548999999999,35200
1212,2019-06-21,4.63,4.64,4.6,4.63,4.571423,69700
1213,2019-06-24,4.63,4.64,4.62,4.62,4.561548999999999,50500
1214,2019-06-25,4.62,4.63,4.62,4.63,4.571423,30800
1215,2019-06-26,4.63,4.64,4.61,4.61,4.5516760000000005,81400
1216,2019-06-27,4.62,4.63,4.58,4.62,4.561548999999999,74800
1217,2019-06-28,4.61,4.63,4.57,4.57,4.512182,44700
1218,2019-07-01,4.59,4.63,4.58,4.61,4.5516760000000005,66300
1219,2019-07-02,4.62,4.63,4.58,4.59,4.531929,49600
1220,2019-07-03,4.59,4.63,4.58,4.58,4.522055,40700
1221,2019-07-05,4.59,4.6,4.56,4.56,4.502308,80700
1222,2019-07-08,4.57,4.6,4.56,4.57,4.512182,457500
1223,2019-07-09,4.58,4.59,4.53,4.57,4.512182,168100
1224,2019-07-10,4.58,4.6,4.56,4.57,4.512182,37100
1225,2019-07-11,4.58,4.6,4.55,4.55,4.4924349999999995,50700
1226,2019-07-12,4.56,4.58,4.47,4.54,4.4825610000000005,106200
1227,2019-07-15,4.53,4.55,4.53,4.54,4.4825610000000005,30800
1228,2019-07-16,4.51,4.53,4.5,4.51,4.481568,79500
1229,2019-07-17,4.52,4.54,4.52,4.53,4.501441000000001,40600
1230,2019-07-18,4.56,4.58,4.53,4.58,4.551126,49200
1231,2019-07-19,4.55,4.57,4.54,4.56,4.531251999999999,17900
1232,2019-07-22,4.56,4.59,4.55,4.57,4.541189,36400
1233,2019-07-23,4.57,4.57,4.55,4.55,4.521316000000001,41100
1234,2019-07-24,4.56,4.57,4.56,4.56,4.531251999999999,19000
1235,2019-07-25,4.55,4.57,4.53,4.53,4.501441000000001,38700
1236,2019-07-26,4.54,4.55,4.53,4.54,4.511378,24200
1237,2019-07-29,4.54,4.56,4.54,4.55,4.521316000000001,24500
1238,2019-07-30,4.57,4.57,4.55,4.57,4.541189,20600
1239,2019-07-31,4.57,4.58,4.56,4.58,4.551126,39500
1240,2019-08-01,4.58,4.6,4.57,4.6,4.571,45800
1241,2019-08-02,4.6,4.6,4.59,4.6,4.571,24900
1242,2019-08-05,4.58,4.61,4.58,4.59,4.561063,31900
1243,2019-08-06,4.6,4.64,4.58,4.6,4.571,162300
1244,2019-08-07,4.62,4.62,4.6,4.6,4.571,63200
1245,2019-08-08,4.61,4.62,4.59,4.61,4.5809370000000005,31700
1246,2019-08-09,4.61,4.62,4.59,4.59,4.561063,23800
1247,2019-08-12,4.6,4.62,4.6,4.6,4.571,30300
1248,2019-08-13,4.59,4.62,4.57,4.61,4.61,59000
1249,2019-08-14,4.59,4.62,4.59,4.59,4.59,40900
1250,2019-08-15,4.59,4.61,4.59,4.59,4.59,48700
1251,2019-08-16,4.59,4.62,4.58,4.59,4.59,45000
1252,2019-08-19,4.59,4.6,4.58,4.58,4.58,41700
1253,2019-08-20,4.6,4.62,4.6,4.62,4.62,34900
1254,2019-08-21,4.61,4.63,4.61,4.62,4.62,86300
1255,2019-08-22,4.62,4.62,4.6,4.6,4.6,63400
1256,2019-08-23,4.61,4.63,4.6,4.62,4.62,54800
1257,2019-08-26,4.63,4.63,4.61,4.61,4.61,20200
1258,2019-08-27,4.6,4.61,4.6,4.6,4.6,22000
